trade_date,market_index_code,market_return_1d,market_volatility_z,market_volatility_status,market_stress_score,market_component_present,breadth_mode,breadth_up_ratio_z,breadth_above_ma20_z,breadth_amount_z,breadth_coverage_ratio,breadth_status,breadth_stress_score,breadth_component_present,sector_count,sector_ret_1d_std,sector_ret_5d_std,sector_rs_20d_std,sector_drawdown_20d_median,sector_dispersion_z,sector_dispersion_status,sector_stress_score,sector_component_present,hmm_sector_count,hmm_max_prob_mean,hmm_margin_mean,hmm_entropy_mean,hmm_margin_z,hmm_entropy_z,hmm_confidence_status,hmm_stress_score,hmm_confidence_component_present,break_warning_level,available_component_count,high_stress_component_count,medium_stress_component_count,component_stress_labels
2025-07-29,000300,0.0039169983219773385,-0.6744861965287511,normal,0.0,True,full_market,-0.45292098164265754,0.6309363737099669,1.023330665911109,0.8944223107569721,watch,1.023330665911109,True,462,0.007012827411921659,0.019680365463106714,0.03191241978306269,0.0,-0.7963145548649692,normal,0.0,True,461.0,0.9870097987200777,0.9740218366437079,0.031759241580369184,1.0495538325294866,-1.027127127786125,normal,0.0,True,watch,4,0,1,breadth:medium
2025-07-30,000300,-0.0001878603667614387,-0.6983267079411577,normal,0.0,True,full_market,-0.9342473004640984,0.1267713232078762,0.8323724136407648,0.8942412169503803,normal,0.9342473004640984,True,462,0.008294605965835904,0.017913808069864808,0.03127935030606916,-0.010336223760126995,0.024127243328380545,normal,0.024127243328380545,True,51.0,0.984975273371942,0.969959072466487,0.03440210635275137,0.889142767943828,-0.9150385782832728,normal,0.0,True,normal,4,0,0,
2025-07-31,000300,-0.018223470577465872,0.3733145036928218,normal,0.3733145036928218,True,full_market,-1.4797089605399734,-1.2284163516882447,0.9321204078222142,0.893516841724013,watch,1.4797089605399734,True,462,0.009384207938884115,0.022360338310925685,0.031202003676094596,-0.01896877166021793,0.7047477072771599,normal,0.7047477072771599,True,51.0,0.9862886306082618,0.97264810896937,0.02982660959755241,1.069904048177528,-1.1679038140713658,normal,0.0,True,watch,4,0,1,breadth:medium
2025-08-01,000300,-0.005069204704104213,1.3723367742101313,watch,1.3723367742101313,True,full_market,0.5606815084613821,-0.8970661163708035,-0.08870756309746453,0.8936979355306048,normal,0.8970661163708035,True,462,0.006080531797669918,0.01811277543554608,0.030634768030624766,-0.01570046510947476,-1.3476343739766354,normal,0.0,True,461.0,0.9906412402255715,0.9813255561972823,0.021987848849272598,1.3737671781355432,-1.4576829860154505,normal,0.0,True,watch,4,0,1,market:medium
2025-08-04,000300,0.0038890930299659843,1.1984074765127972,watch,1.1984074765127972,True,full_market,1.138660401957668,-0.29783102597248284,-0.3022785550219799,0.8931546541108294,normal,0.29783102597248284,True,462,0.008002604811414417,0.01614538042430488,0.03576029591064993,-0.004213909643306091,-0.1420054598997098,normal,0.0,True,51.0,0.9822475130927208,0.9648067157173791,0.046723693398125606,0.6959418164743054,-0.47585381671921956,normal,0.0,True,watch,4,0,1,market:medium
2025-08-05,000300,0.008045299334266787,1.1333511839503279,watch,1.1333511839503279,True,full_market,1.1133489675046102,0.34071622514137273,-0.47794825619702386,0.8933357479174212,normal,0.0,True,462,0.0060447354107815545,0.013597900460159391,0.03278692392913305,0.0,-1.3500089886019193,normal,0.0,True,461.0,0.9892732468356271,0.9785510954815466,0.025498201089326787,1.196820020198569,-1.25575990337591,normal,0.0,True,watch,4,0,1,market:medium
2025-08-06,000300,0.002446721661041318,1.0419426638397136,watch,1.0419426638397136,True,full_market,0.5889527351125097,0.5911510021233326,0.08623934437337957,0.893516841724013,normal,0.08623934437337957,True,462,0.009290515250146453,0.02226926265467366,0.03570253954478227,0.0,0.6664990502449336,normal,0.6664990502449336,True,51.0,0.9906948431699654,0.9813956191886243,0.027414589717753762,1.2684026571732907,-1.1453813198170109,normal,0.0,True,watch,4,0,1,market:medium
2025-08-07,000300,0.0002868610352766421,0.9676872795028167,normal,0.9676872795028167,True,full_market,-0.5865072708158972,0.46524548723952225,0.23725493430336714,0.8936979355306048,normal,0.5865072708158972,True,462,0.005775382957638233,0.019323527348565954,0.03738356552286862,-0.0013794248146279942,-1.476378892960726,normal,0.0,True,51.0,0.9806190697918434,0.9612426591047009,0.046517689691050954,0.47330378280041546,-0.40558115650754645,normal,0.0,True,normal,4,0,0,
2025-08-08,000300,-0.002357418699433955,1.0229262070051257,watch,1.0229262070051257,True,full_market,-0.24171927573645483,0.2575708748088988,-0.07330849457164039,0.8936979355306048,normal,0.24171927573645483,True,462,0.009774260284051393,0.020476743821868995,0.03584989565257769,-0.006829488933181749,0.9573715844801456,normal,0.9573715844801456,True,461.0,0.9852660560028257,0.9705372542668403,0.03331526005637411,0.8035598031406324,-0.875700728730991,normal,0.0,True,watch,4,0,1,market:medium
2025-08-11,000300,0.004272869229251297,1.048836086412868,watch,1.048836086412868,True,full_market,1.3507524693372182,1.013314762096581,0.23583650229577552,0.8940601231437885,normal,0.23583650229577552,True,462,0.007939283366269898,0.017876132820812882,0.03701778373428142,0.0,-0.12727757098546383,normal,0.0,True,51.0,0.9771532351435257,0.9543205056652266,0.0521013979118907,0.13862227587513215,-0.12008307387936638,normal,0.0,True,watch,4,0,1,market:medium
2025-08-12,000300,0.005171606618298075,1.0989887201966393,watch,1.0989887201966393,True,full_market,-0.6152575709784156,0.7681828281373528,0.052247146586493355,0.8944223107569721,normal,0.6152575709784156,True,462,0.005984436914250982,0.014759166297929786,0.034781887757260516,-0.0014611147661171553,-1.323712162828737,normal,0.0,True,461.0,0.9840040376109704,0.9680145094192439,0.03952934317877329,0.704773338008194,-0.6311065519290014,normal,0.0,True,watch,4,0,1,market:medium
2025-08-13,000300,0.007903316497057,1.1555569781142216,watch,1.1555569781142216,True,full_market,0.055692867486339157,0.7756953959521657,0.9761412278312145,0.8940601231437885,normal,0.9761412278312145,True,462,0.007497738180033673,0.01562565355629221,0.04022945955658148,0.0,-0.39254853944616125,normal,0.0,True,51.0,0.9851019497921201,0.9702134722564876,0.03198556813132027,0.7828037759436783,-0.9559585571142465,normal,0.0,True,watch,4,0,1,market:medium
2025-08-14,000300,-0.0007829372357286424,1.0170068055657557,watch,1.0170068055657557,True,full_market,-1.8178240980520368,-0.9587548421128099,1.5240753589734988,0.8942412169503803,watch,1.8178240980520368,True,462,0.006804922553269155,0.01484140944220999,0.03261421464140528,-0.01833176397456726,-0.8066436678055205,normal,0.0,True,51.0,0.9900358373744832,0.9800958330120405,0.026590861409394755,1.2508755774886662,-1.21486981711601,normal,0.0,True,elevated,4,0,2,market:medium;breadth:medium
2025-08-15,000300,0.006958505359055511,1.0470672399746295,watch,1.0470672399746295,True,full_market,1.6969107220872022,0.033375855358170066,0.9981305368683323,0.8940601231437885,normal,0.9981305368683323,True,462,0.008435633487199735,0.021337126940204332,0.037729679510506924,0.0,0.1835675595344529,normal,0.1835675595344529,True,461.0,0.9810677451776734,0.9621427249084119,0.04658349586317078,0.33066285251823585,-0.1846065102886263,normal,0.0,True,watch,4,0,1,market:medium
2025-08-18,000300,0.00881887515318791,1.17188087578528,watch,1.17188087578528,True,full_market,1.0956460243963981,0.7258012649553807,2.631769309687733,0.8936979355306048,high,2.631769309687733,True,462,0.010205317534690374,0.023528472475919084,0.04556766763631833,0.0,1.2278212701403262,watch,1.2278212701403262,True,51.0,0.9785446744485116,0.9570991088131167,0.048845875945993364,0.020082055973453895,-0.010627142508382245,normal,0.0,True,elevated,4,1,2,market:medium;breadth:high;sector:medium
2025-08-19,000300,-0.0037835453518295648,1.0601360321212843,watch,1.0601360321212843,True,full_market,0.09536610946209821,0.9721720843259009,0.620072664764984,0.8942412169503803,normal,0.620072664764984,True,462,0.0062000160924686664,0.022076830343434894,0.0504544612858862,0.0,-1.1791663686301903,normal,0.0,True,461.0,0.9735523240467465,0.9471711566945237,0.06351085174652357,-0.5878531243954802,0.9096867386433463,normal,0.9096867386433463,True,watch,4,0,1,market:medium
2025-08-20,000300,0.01137243480916883,1.5946873694471202,watch,1.5946873694471202,True,full_market,0.776091464098964,1.2642796474667275,0.19301529760430608,0.8936979355306048,normal,0.19301529760430608,True,462,0.007304785281113963,0.01912971211169122,0.05126463153222718,0.0,-0.4965473994782919,normal,0.0,True,51.0,0.9677383861921302,0.9354900994627176,0.0725036452329222,-1.3075479042274079,1.4787045743505738,watch,1.4787045743505738,True,elevated,4,0,2,market:medium;hmm_confidence:medium
2025-08-21,000300,0.0039027016903123712,1.4275919236123558,watch,1.4275919236123558,True,full_market,-0.5765250504544673,1.3165325566678026,-0.3220751855050462,0.8942412169503803,normal,0.5765250504544673,True,462,0.00825643241807791,0.015587137129537494,0.045980113330887945,-0.0032995641753794658,0.08145126468228149,normal,0.08145126468228149,True,51.0,0.982459446608084,0.9649271981501149,0.04479181295407945,0.4274847982863198,-0.18888440387313174,normal,0.0,True,watch,4,0,1,market:medium
2025-08-22,000300,0.020972138980940302,2.8944397125392833,high,2.8944397125392833,True,full_market,0.04334783914653177,1.2191082374827233,1.0923369958032516,0.8942412169503803,watch,1.0923369958032516,True,462,0.009585547760259758,0.018158764929845375,0.04696421205040812,0.0,0.851954222604179,normal,0.851954222604179,True,461.0,0.9791311533105286,0.9582668249045471,0.04805346471747381,-0.009015504962726937,0.02459526765517796,normal,0.02459526765517796,True,elevated,4,1,1,market:high;breadth:medium
2025-08-25,000300,0.020835998172681558,3.9792660552822436,high,3.9792660552822436,True,full_market,0.5425153210291914,1.3891181880745946,2.0189380576075893,0.8942412169503803,high,2.0189380576075893,True,462,0.007372198306838261,0.014682738007225136,0.044227733810791654,0.0,-0.45964672212612184,normal,0.0,True,51.0,0.9941532527321386,0.9883144184471399,0.0202492162139567,1.9586663093833,-1.7986808327494819,normal,0.0,True,high,4,2,0,market:high;breadth:high
2025-08-26,000300,-0.003721007245112151,3.7233151654859804,high,3.7233151654859804,True,full_market,0.00784254088159913,1.366925739551737,-0.30820677178980443,0.8944223107569721,normal,0.0,True,462,0.006805600298016722,0.016511012381560344,0.041449353709223716,0.0,-0.7872145276082476,normal,0.0,True,461.0,0.9818106917642259,0.9636240840815795,0.04404088110583331,0.2688681657758972,-0.1672473584926314,normal,0.0,True,elevated,4,1,0,market:high
2025-08-27,000300,-0.014926144109383532,4.298340745637919,high,4.298340745637919,True,full_market,-2.087204885455306,-0.8690775107384884,1.1228417013070358,0.8946034045635639,high,2.087204885455306,True,462,0.0066315107687022765,0.016672355459366964,0.049430399800827564,-0.024327130733638902,-0.8737391758568056,normal,0.0,True,51.0,0.9809366023431698,0.961928298563238,0.041262853690794486,0.15093385361933126,-0.34351736830502627,normal,0.0,True,high,4,2,0,market:high;breadth:high
2025-08-28,000300,0.017703533638993685,2.9568935212513616,high,2.9568935212513616,True,full_market,0.0756459572383843,-1.0080364282321048,0.9453859516085865,0.8946034045635639,watch,1.0080364282321048,True,462,0.011633076093775951,0.026762407126511015,0.05548401223331833,-0.017839819170399063,2.1432292508117983,high,2.1432292508117983,True,51.0,0.9837118669147074,0.967433150313039,0.03313541873326417,0.4963696553985397,-0.8595753582847431,normal,0.0,True,high,4,2,1,market:high;breadth:medium;sector:high
2025-08-29,000300,0.007388356953075714,2.4770159875373174,high,2.4770159875373174,True,full_market,-0.7642219777538528,-1.3056749330696267,-0.2858072244255896,0.8940601231437885,watch,1.3056749330696267,True,462,0.009399206673663877,0.019000118197201796,0.0546641359182735,-0.021005068696517082,0.8116094881689547,normal,0.8116094881689547,True,461.0,0.9824884212613525,0.9649849447198136,0.04511080040230814,0.3042035023983017,-0.015672500631176436,normal,0.0,True,elevated,4,1,1,market:high;breadth:medium
2025-09-01,000300,0.00599320399576575,2.319582266126,high,2.319582266126,True,full_market,0.4088410668710752,-1.0714544591880328,-0.20596360477778197,0.8940601231437885,watch,1.0714544591880328,True,462,0.009181887387464277,0.01888662933837794,0.0522309120180428,-0.013304843016089418,0.6518542147992694,normal,0.6518542147992694,True,51.0,0.9806410387342337,0.9612913883741628,0.04614430120058662,0.051142711121319503,0.050413886520785996,normal,0.050413886520785996,True,elevated,4,1,1,market:high;breadth:medium
2025-09-02,000300,-0.0073523722785059364,2.5260940100323586,high,2.5260940100323586,True,full_market,-1.5376314041401873,-1.9050624959453188,-0.15524287892715832,0.8942412169503803,watch,1.9050624959453188,True,462,0.013012961965311926,0.019680135735705238,0.042177218849528506,-0.03183936500709378,2.9800882952054137,high,2.9800882952054137,True,461.0,0.9747925335579385,0.9508759701603575,0.05987980132698588,-0.667572549473714,1.0087244849337746,watch,1.0087244849337746,True,high,4,2,2,market:high;breadth:medium;sector:high;hmm_confidence:medium
2025-09-03,000300,-0.006818915698872052,2.6244766033023104,high,2.6244766033023104,True,full_market,-1.7906422851642634,-2.6451393262337586,-1.755252295510263,0.8946034045635639,high,2.6451393262337586,True,462,0.009292443788267142,0.02501363111550901,0.0415716772120149,-0.04947656525349142,0.6126151954142811,normal,0.6126151954142811,True,51.0,0.9487226210749822,0.8989705177507583,0.1081465901164916,-4.202470581163681,4.320178637626301,high,4.320178637626301,True,high,4,3,0,market:high;breadth:high;hmm_confidence:high
2025-09-04,000300,-0.02121605532049431,3.5778794766455504,high,3.5778794766455504,True,full_market,-0.469931408152096,-2.7907270488911573,-0.6896902940693963,0.8944223107569721,high,2.7907270488911573,True,462,0.014007672867093816,0.03370767694350667,0.035092890366667746,-0.0567960404494669,3.298658027365844,high,3.298658027365844,True,51.0,0.9623905771583583,0.9264357826749791,0.0944167857158871,-1.978273070281053,2.883914821174252,high,2.883914821174252,True,high,4,4,0,market:high;breadth:high;sector:high;hmm_confidence:high
2025-09-05,000300,0.02178818430270235,3.658119121547015,high,3.658119121547015,True,full_market,1.9446897052747798,-1.9338942148760607,-1.5575248296023494,0.8944223107569721,watch,1.9338942148760607,True,462,0.013117463349186743,0.030364849254777095,0.04610341817263914,-0.03543668022988811,2.524072826341994,high,2.524072826341994,True,461.0,0.9710372302376643,0.9428248407368893,0.07048962954654178,-0.9237349038082643,1.3014005181068005,watch,1.3014005181068005,True,high,4,2,2,market:high;breadth:medium;sector:high;hmm_confidence:medium
2025-09-08,000300,0.0016254439143379429,3.2732933644802626,high,3.2732933644802626,True,full_market,1.1329496284723077,-1.3007919127588394,-1.398435095770933,0.8947844983701557,watch,1.3007919127588394,True,462,0.007198153625360489,0.028859948675071502,0.042567768049666554,-0.023595256392156372,-0.6355542923822125,normal,0.0,True,51.0,0.9692354094312294,0.938940692936181,0.07443707934389786,-1.1223368567371446,1.4796821215940268,watch,1.4796821215940268,True,elevated,4,1,2,market:high;breadth:medium;hmm_confidence:medium
2025-09-09,000300,-0.007008284145519683,3.1184733195161316,high,3.1184733195161316,True,full_market,-1.3405799790862558,-1.5814866325748305,-2.488242468978096,0.8949655921767475,watch,1.5814866325748305,True,462,0.010308439563354482,0.02610494522285898,0.04399435014202448,-0.03354746540885539,1.02854707704887,watch,1.02854707704887,True,461.0,0.9723655592343409,0.9452652091212465,0.0617393347075953,-0.7156837477930305,0.7144849705107073,normal,0.7156837477930305,True,elevated,4,1,2,market:high;breadth:medium;sector:medium
2025-09-10,000300,0.0020512774273824252,2.8314144722984365,high,2.8314144722984365,True,full_market,-0.25326684927757703,-1.5435891284126673,-2.962369973076057,0.8951466859833394,watch,1.5435891284126673,True,462,0.007295400146693109,0.020412252617000925,0.04043469424638757,-0.032226340920698704,-0.5897279697573449,normal,0.0,True,51.0,0.9847393080432357,0.9701392873609034,0.0465452574637146,0.7648196970722206,-0.16256441228093396,normal,0.0,True,elevated,4,1,1,market:high;breadth:medium
2025-09-11,000300,0.023095992225601547,3.0012914432101656,high,3.0012914432101656,True,full_market,1.3261940289242178,-1.0773052947013313,-1.4446510204229264,0.8951466859833394,watch,1.0773052947013313,True,462,0.011834819687739041,0.020065411701081833,0.044243073599300235,-0.017462729843586378,1.831257755298403,watch,1.831257755298403,True,51.0,0.9810734986655861,0.9626507194110102,0.04647581699239645,0.3159469339943082,-0.16825739427475866,normal,0.0,True,elevated,4,1,2,market:high;breadth:medium;sector:medium
2025-09-12,000300,-0.005723357145841157,2.8453967498225827,high,2.8453967498225827,True,full_market,-0.8104644831958419,-1.29417747654981,-1.3664496523256224,0.895508873596523,watch,1.29417747654981,True,462,0.006890861301340776,0.015199618808777586,0.04239753941524604,-0.01705235812521466,-0.796793357090103,normal,0.0,True,461.0,0.9811571569961148,0.9630016288296653,0.0451286664444063,0.33768316312713786,-0.2428385754339246,normal,0.0,True,elevated,4,1,1,market:high;breadth:medium
2025-09-15,000300,0.002445820433436552,2.609817438627799,high,2.609817438627799,True,full_market,-0.8732976052501467,-1.4666359417216164,-1.6850506396334282,0.8951466859833394,watch,1.4666359417216164,True,462,0.006068832527891904,0.016271656942609333,0.041894689778957765,-0.0183136631252655,-1.1963874086211874,normal,0.0,True,51.0,0.9779431824581,0.9559499692404851,0.049848129714367556,-0.07187427462481126,0.01739938431128883,normal,0.07187427462481126,True,elevated,4,1,1,market:high;breadth:medium
2025-09-16,000300,-0.002144246932535676,2.4216203603657886,high,2.4216203603657886,True,full_market,0.8288377337979268,-0.9640139069900276,-1.951425284162441,0.8953277797899312,normal,0.9640139069900276,True,462,0.008409940765864304,0.021459645324338177,0.04167591237991977,-0.010102099624083372,0.019119247276060056,normal,0.019119247276060056,True,461.0,0.9831908525615524,0.9665241449910631,0.04204790390603572,0.5420179794996712,-0.4135431033773035,normal,0.0,True,elevated,4,1,0,market:high
2025-09-17,000300,0.006119371968501319,2.226721681642426,high,2.226721681642426,True,full_market,-0.27732452297681015,-0.7901425737181321,-1.460218393627352,0.8951466859833394,normal,0.7901425737181321,True,462,0.0079675340521089,0.0233729080382202,0.03973845154908221,-0.009011117819183068,-0.18037111478091472,normal,0.0,True,51.0,0.9693180977122398,0.9387484925897014,0.058481913566073136,-1.0838619204700122,0.516429880015927,watch,1.0838619204700122,True,elevated,4,1,1,market:high;hmm_confidence:medium
2025-09-18,000300,-0.011625965168248209,2.2717239690807496,high,2.2717239690807496,True,full_market,-1.6672314493981955,-1.7050751192750155,0.49281697415869347,0.8949655921767475,watch,1.7050751192750155,True,462,0.00856804386063254,0.01966952201774766,0.04429172158391339,-0.024027360998438774,0.14325970908589786,normal,0.14325970908589786,True,51.0,0.9753874200581156,0.9508060011614144,0.05225617324594462,-0.3832196790076687,0.17595205250787488,normal,0.3832196790076687,True,elevated,4,1,1,market:high;breadth:medium
2025-09-19,000300,0.0008470224160814777,1.8580422354852488,watch,1.8580422354852488,True,full_market,-0.7719822301796128,-1.7988926093928308,-1.4300531520130295,0.8951466859833394,watch,1.7988926093928308,True,462,0.007865893913045789,0.018683701812923278,0.04221389168883057,-0.02748510524897657,-0.23277254908693887,normal,0.0,True,461.0,0.9692266610247885,0.9384967383490316,0.06722043388791667,-1.0863361283546629,1.012979969845108,watch,1.0863361283546629,True,elevated,4,0,3,market:medium;breadth:medium;hmm_confidence:medium
2025-09-22,000300,0.004595816895902161,1.4623764170670983,watch,1.4623764170670983,True,full_market,-0.44140670737170423,-1.710800014845623,-1.7223029875195468,0.8944223107569721,watch,1.710800014845623,True,462,0.011601239762173091,0.024213146653124264,0.04431537035710172,-0.029141718504594516,1.7216452725359295,watch,1.7216452725359295,True,51.0,0.9756154405314064,0.9512822261292984,0.05174684791368783,-0.3172935456778868,0.11662159441399056,normal,0.3172935456778868,True,elevated,4,0,3,market:medium;breadth:medium;sector:medium
2025-09-23,000300,-0.0006257448685603739,1.3929399449724096,watch,1.3929399449724096,True,full_market,-1.461345547442066,-1.9728113467224808,-0.5891293011458288,0.8951466859833394,watch,1.9728113467224808,True,462,0.007967087900944103,0.02367911645105079,0.0465567875186856,-0.03853379141112678,-0.2149559097635035,normal,0.0,True,461.0,0.9489185868846549,0.8980033735896381,0.11288076813480633,-3.546735982502056,3.6654937605019544,high,3.6654937605019544,True,elevated,4,1,2,market:medium;breadth:medium;hmm_confidence:high
2025-09-24,000300,0.010241648929815161,1.1810296205397264,watch,1.1810296205397264,True,full_market,1.647427200185659,-1.4433626196816565,-0.20381403547582397,0.8949655921767475,watch,1.4433626196816565,True,462,0.007448547114940431,0.022255940817295324,0.04847355225728915,-0.024649546987713322,-0.47681426369269386,normal,0.0,True,51.0,0.9548571271286174,0.9099569205053062,0.08736413897112015,-2.5302990872567754,1.9388180545176301,high,2.5302990872567754,True,elevated,4,1,2,market:medium;breadth:medium;hmm_confidence:high
2025-09-25,000300,0.006005164178385369,0.9331544293539912,normal,0.9331544293539912,True,full_market,-1.0850185691068142,-1.4572828212272886,-0.9112590592207283,0.8951466859833394,watch,1.4572828212272886,True,462,0.006740023084522923,0.021296212172700953,0.0437644784375457,-0.028480209678579893,-0.8215563744019475,normal,0.0,True,51.0,0.9672104335932065,0.9348891978893775,0.06410623153591063,-1.0755998196104557,0.672746058373161,watch,1.0755998196104557,True,elevated,4,0,2,breadth:medium;hmm_confidence:medium
2025-09-26,000300,-0.00945686177612226,0.9670719841816899,normal,0.9670719841816899,True,full_market,-0.8088028007427557,-1.7458522388396236,-1.1232579956846571,0.8953277797899312,watch,1.7458522388396236,True,462,0.01118145673470571,0.017935331782498398,0.04065544686598681,-0.03681422557083447,1.481451127315474,watch,1.481451127315474,True,461.0,0.9645819781434662,0.9296305728800096,0.07658957340779365,-1.318583840827867,1.284891770478434,watch,1.318583840827867,True,elevated,4,0,3,breadth:medium;sector:medium;hmm_confidence:medium
2025-09-29,000300,0.015384446324765655,1.0964659900918339,watch,1.0964659900918339,True,full_market,0.8306063581054455,-1.2736753449864866,-1.202893414982004,0.8946034045635639,watch,1.2736753449864866,True,462,0.007732190695297183,0.018285278675414685,0.04140109018885682,-0.025752277675273272,-0.3263381345928277,normal,0.0,True,51.0,0.9779439692458437,0.9559127729367244,0.05154289505818718,0.0737095890700754,-0.01854977069953549,normal,0.0,True,elevated,4,0,2,market:medium;breadth:medium
2025-09-30,000300,0.004467484118137133,1.0033289438069966,watch,1.0033289438069966,True,full_market,-0.014944032875893042,-1.0759845036202704,-1.1495281331323581,0.8947844983701557,watch,1.0759845036202704,True,462,0.0075116532282113145,0.02024525918976093,0.04473254941548381,-0.019813018272999916,-0.44016574159293076,normal,0.0,True,461.0,0.9620955608054662,0.9247871445430133,0.08128023076578843,-1.5947237167380683,1.5166036273585854,watch,1.5947237167380683,True,elevated,4,0,3,market:medium;breadth:medium;hmm_confidence:medium
2025-10-09,000300,0.014823226718440496,1.035825291275719,watch,1.035825291275719,True,full_market,0.4334360260652136,-0.7837021556448296,0.9394577455201897,0.8944223107569721,normal,0.9394577455201897,True,462,0.01320594988788536,0.027448769421856534,0.0500650721608302,-0.011393107294918436,2.456031655080293,high,2.456031655080293,True,51.0,0.9677414220048889,0.9390808511236731,0.07472038931786273,-0.7894546273844388,1.1297315974683202,watch,1.1297315974683202,True,elevated,4,1,2,market:medium;sector:high;hmm_confidence:medium
2025-10-10,000300,-0.019673084926573603,0.9415026289304456,normal,0.9415026289304456,True,full_market,0.0325660766989307,-0.836185813215816,0.1492193709930496,0.9300977906555595,normal,0.836185813215816,True,462,0.01489887365823713,0.02876000279989135,0.049561521792103984,-0.02468832017343653,3.1511261103805634,high,3.1511261103805634,True,51.0,0.9780813394288335,0.9565982983028393,0.05082985885990592,0.14010748685579716,-0.09585912007381014,normal,0.0,True,elevated,4,1,0,sector:high
2025-10-13,000300,-0.004949283382754022,0.6164501627199956,normal,0.6164501627199956,True,full_market,-0.9306208185467347,-1.0835363462300844,-0.4284053437202538,0.9304599782687432,watch,1.0835363462300844,True,462,0.011276664800688464,0.02952172613814918,0.04703756809619023,-0.028332745482491872,1.2140992632408025,watch,1.2140992632408025,True,462.0,0.9756099924375211,0.9517708962723291,0.05194737445400405,-0.11616992861049504,-0.03828139160158375,normal,0.11616992861049504,True,elevated,4,0,2,breadth:medium;sector:medium
2025-10-14,000300,-0.011954775597629808,0.74955286665442,normal,0.74955286665442,True,full_market,-0.9050258612935417,-1.2743978391166868,-0.029953193707930776,0.930641072075335,watch,1.2743978391166868,True,462,0.013022882402038659,0.030098931069907044,0.041332511149315486,-0.0408501873771116,1.9680342554313712,watch,1.9680342554313712,True,51.0,0.9764107923466284,0.9552522450812272,0.056367832276663615,0.08064661669972477,0.16890445424918396,normal,0.16890445424918396,True,elevated,4,0,2,breadth:medium;sector:medium
2025-10-15,000300,0.014811436729190497,0.8197624407395651,normal,0.8197624407395651,True,full_market,1.5626900803285786,-0.7213643194890339,-1.7197961185343709,0.930641072075335,normal,0.7213643194890339,True,462,0.007241580847768112,0.026765616194085216,0.03879677378267195,-0.028090721998738633,-0.6793770155235943,normal,0.0,True,462.0,0.9711280130076942,0.9431833950125114,0.0666567771173333,-0.5393828291435342,0.6740347218251589,normal,0.6740347218251589,True,normal,4,0,0,
2025-10-16,000300,0.0026333556940618674,0.7923664353693383,normal,0.7923664353693383,True,full_market,-1.3832085608739488,-1.089216581568373,-2.0170367816838723,0.9311843534951104,watch,1.3832085608739488,True,462,0.006666499511842791,0.026568547421746268,0.03931798474602744,-0.037897302515067566,-0.9171210635754442,normal,0.0,True,51.0,0.9841746534544656,0.9685031537372003,0.04294571024992103,0.8164253940508462,-0.5638232825437285,normal,0.0,True,watch,4,0,1,breadth:medium
2025-10-17,000300,-0.02255966326146186,0.8093169731678774,normal,0.8093169731678774,True,full_market,-1.8586655961794463,-1.7440446958041778,-1.5949093803597933,0.931546541108294,watch,1.8586655961794463,True,462,0.01152583496043024,0.023394293666262125,0.0362879752326709,-0.06004440464910343,1.2213011255264334,watch,1.2213011255264334,True,51.0,0.9544195198285321,0.9101224998213534,0.11010403018511533,-2.2808888384689805,2.878455292630801,high,2.878455292630801,True,elevated,4,1,2,breadth:medium;sector:medium;hmm_confidence:high
2025-10-20,000300,0.0053143060942841824,0.7782800040876062,normal,0.7782800040876062,True,full_market,1.3027876845519357,-1.2967876331122679,-2.000184733018933,0.931546541108294,watch,1.2967876331122679,True,462,0.009418387559059747,0.02490258326314629,0.032685613962704,-0.04949101329057637,0.2577514266138244,normal,0.2577514266138244,True,462.0,0.9555131849909629,0.9114279819716758,0.09701030293750157,-2.087940976045863,2.0266678574926744,high,2.087940976045863,True,elevated,4,1,1,breadth:medium;hmm_confidence:high
2025-10-21,000300,0.015347426964757105,0.9350842130005599,normal,0.9350842130005599,True,full_market,1.7209726822674374,-0.5749851893813581,-1.4836785457000652,0.9313654473017022,normal,0.5749851893813581,True,462,0.006465239596219171,0.017042634955193068,0.034089796552169954,-0.03464985864682707,-1.0718468330235882,normal,0.0,True,51.0,0.9465705745259306,0.8950867240758066,0.11768033090387552,-2.789142237410322,2.9018168859126976,high,2.9018168859126976,True,elevated,4,1,0,hmm_confidence:high
2025-10-22,000300,-0.0033204061746534563,0.9114581082908791,normal,0.9114581082908791,True,full_market,-0.3645592377743918,-0.46128951579382144,-1.6637855906907102,0.9311843534951104,normal,0.46128951579382144,True,462,0.007146589016764085,0.020213418990596255,0.035854515584306794,-0.03435044219268302,-0.7370761015468513,normal,0.0,True,462.0,0.9570044845364577,0.9153073468659716,0.09470628680469444,-1.6492054556002256,1.6737537198806176,watch,1.6737537198806176,True,watch,4,0,1,hmm_confidence:medium
2025-10-23,000300,0.002998321201418852,0.8615055822508866,normal,0.8615055822508866,True,full_market,0.3710288776906216,-0.22491203782786734,-1.5532224594804358,0.9317276349148859,normal,0.22491203782786734,True,462,0.007409326960160421,0.019369871900965407,0.03611676771022796,-0.025248870256781797,-0.5929720552988277,normal,0.0,True,51.0,0.966925592684613,0.9343121918139721,0.07805695875037023,-0.7794550654111326,0.9477373106756164,normal,0.9477373106756164,True,normal,4,0,0,
2025-10-24,000300,0.011796784431891805,0.7869476974793144,normal,0.7869476974793144,True,full_market,0.30788916863322235,-0.0030814988239373556,-0.8266996202664558,0.9317276349148859,normal,0.0030814988239373556,True,462,0.012441287387363987,0.02119600839609456,0.03607618685465196,-0.01786259442515814,1.6588807657244624,watch,1.6588807657244624,True,51.0,0.9539761036096592,0.909910043941117,0.09883415803207546,-1.8814762464180201,1.8189838537143097,watch,1.8814762464180201,True,elevated,4,0,2,sector:medium;hmm_confidence:medium
2025-10-27,000300,0.011873803822618267,0.8446368072163468,normal,0.8446368072163468,True,full_market,0.6794366809977906,0.4237507265757802,-0.14174522390757477,0.9317276349148859,normal,0.0,True,462,0.0066238870623473835,0.018463281233689097,0.03519406727560795,-0.009783175469549099,-0.9663719117678148,normal,0.0,True,462.0,0.9535970113219268,0.9090550759041863,0.10143700821155478,-1.8376113699815886,1.8505153652106852,watch,1.8505153652106852,True,watch,4,0,1,hmm_confidence:medium
2025-10-28,000300,-0.005099639102463582,0.8617589115415095,normal,0.8617589115415095,True,full_market,-0.2282475609080561,0.3652107312093742,-0.6330472263947763,0.9311843534951104,normal,0.2282475609080561,True,462,0.006229918223375657,0.016731432319525567,0.034714454129874645,-0.009072127880150826,-1.114785967544899,normal,0.0,True,51.0,0.9642714336133235,0.931145538982129,0.0786220763754727,-0.796191252936738,0.8348640557927011,normal,0.8348640557927011,True,normal,4,0,0,
2025-10-29,000300,0.011907578266698193,0.9168039280203754,normal,0.9168039280203754,True,full_market,-0.11464979535603877,0.3278347115964049,-0.2989396351017425,0.9317276349148859,normal,0.11464979535603877,True,462,0.009534018645722758,0.021799292740866668,0.03619476038119647,-0.0053204893973297085,0.34248657016954437,normal,0.34248657016954437,True,462.0,0.9821415584566607,0.9645866084913016,0.04408131944446639,0.6731401628215611,-0.5985540810613096,normal,0.0,True,normal,4,0,0,
2025-10-30,000300,-0.007988896003235268,0.9272866003837928,normal,0.9272866003837928,True,full_market,-1.2571968803509586,-0.3390170349433762,0.21062167526029463,0.931546541108294,watch,1.2571968803509586,True,462,0.006794134423001293,0.02286515834672565,0.03832055562281952,-0.016176470077283955,-0.8630524310393803,normal,0.0,True,51.0,0.975400450027045,0.9528895986066264,0.056065041095174864,0.17332491878056067,-0.11847894529853142,normal,0.0,True,watch,4,0,1,breadth:medium
2025-10-31,000300,-0.014700917851933393,1.12133046560058,watch,1.12133046560058,True,full_market,0.948042065601617,0.25636839884849255,0.44942236766043747,0.9317276349148859,normal,0.44942236766043747,True,462,0.011323290501949083,0.01454485550856503,0.03669149310609557,-0.008915031747807667,1.1062917040352354,watch,1.1062917040352354,True,51.0,0.9750577265041076,0.9524233097172224,0.05492166023400121,0.166532817026541,-0.18190169647863924,normal,0.0,True,elevated,4,0,2,market:medium;sector:medium
2025-11-03,000300,0.002743138383035193,0.9900022677438144,normal,0.9900022677438144,True,full_market,0.815993955958243,0.556759994415982,-0.004833747748169331,0.9319087287214777,normal,0.0,True,462,0.00787605957545102,0.017064092560325934,0.0305604691178285,-0.000674789768236872,-0.3908913909719496,normal,0.0,True,462.0,0.9778697955137277,0.9569072933962499,0.04905068388324324,0.3820298660066997,-0.4483477827776362,normal,0.0,True,normal,4,0,0,
2025-11-04,000300,-0.007456913224738848,0.8101297968763479,normal,0.8101297968763479,True,full_market,-0.9036410234058205,0.16138771549588848,-0.7990776890517737,0.9319087287214777,normal,0.9036410234058205,True,462,0.007901463268756743,0.01858782952707574,0.03352361932035551,-0.011158930469613582,-0.3968059029216301,normal,0.0,True,51.0,0.953527139666731,0.9089008364643022,0.0889405047993049,-1.7602492671449952,1.2323520845330214,watch,1.7602492671449952,True,watch,4,0,1,hmm_confidence:medium
2025-11-05,000300,0.0018533353541041464,0.7664023292520472,normal,0.7664023292520472,True,full_market,0.6264972721916782,0.39120342621620685,-0.6941159054692463,0.9317276349148859,normal,0.0,True,462,0.008529145135425664,0.0229744670960751,0.03898265613719242,-0.0068842784332388,-0.12511397951516148,normal,0.0,True,462.0,0.9816721007805257,0.963832911537956,0.043532328246123964,0.7468815376359321,-0.7363058929935131,normal,0.0,True,normal,4,0,0,
2025-11-06,000300,0.014293556013709852,0.7241603789220072,normal,0.7241603789220072,True,full_market,0.29205386805046935,0.5671798913203792,-0.3320859171641055,0.9317276349148859,normal,0.0,True,462,0.009524964963539056,0.017534903769155376,0.036854206166541344,-0.006714873102010299,0.2902289241873941,normal,0.2902289241873941,True,51.0,0.9954185760583278,0.99088449673126,0.0175429199660324,1.978479482790963,-1.8793516904337226,normal,0.0,True,normal,4,0,0,
2025-11-07,000300,-0.003112881919290822,0.26980286984597385,normal,0.26980286984597385,True,full_market,-0.4538671010701659,0.4687453978237329,-0.25596469426137125,0.9319087287214777,normal,0.4538671010701659,True,462,0.009428269648470187,0.020702060289864082,0.033243864252962475,-0.009977073756687493,0.2461875935575734,normal,0.2461875935575734,True,51.0,0.9952794579372901,0.9905897232298839,0.0188200328539857,1.9341929396115114,-1.7962182353994032,normal,0.0,True,normal,4,0,0,
2025-11-10,000300,0.0034752574917873424,0.20749286556962282,normal,0.20749286556962282,True,full_market,0.6936862922134575,0.7904413036628801,0.15569999426119285,0.9326331039478449,normal,0.15569999426119285,True,462,0.008946215496129558,0.022061203397559917,0.03794415161311982,-0.004240000980296366,0.009280952121577294,normal,0.009280952121577294,True,462.0,0.9898751761777297,0.9797731445826516,0.026229055638504552,1.396011792820654,-1.4279760381051938,normal,0.0,True,normal,4,0,0,
2025-11-11,000300,-0.009133023077496527,0.09432049944073706,normal,0.09432049944073706,True,full_market,0.09528477799507212,0.7870117317654647,0.06994865213995445,0.9328141977544367,normal,0.06994865213995445,True,462,0.007657799460271923,0.02647543047105219,0.035109149401694184,-0.0032332722861789787,-0.5564298548046853,normal,0.0,True,51.0,0.9796290840186728,0.9593395108511781,0.04411424420637564,0.5052820537898577,-0.6747888660637538,normal,0.0,True,normal,4,0,0,
2025-11-12,000300,-0.001345608608455895,-0.19194184311258602,normal,0.0,True,full_market,-0.8433012032970435,0.5191163965849838,-0.04058017474820661,0.9331763853676204,normal,0.8433012032970435,True,462,0.007849743580290022,0.022708932706229795,0.03611830413887152,-0.011931030664685927,-0.4686748676093521,normal,0.0,True,462.0,0.979711323489238,0.9594619096185583,0.046031124063911924,0.5062214168705738,-0.5883972278669605,normal,0.0,True,normal,4,0,0,
2025-11-13,000300,0.012088051641120812,-0.057247229962492346,normal,0.0,True,full_market,1.1659259264883153,0.8562563848383323,0.23870261967819323,0.9329952915610286,normal,0.23870261967819323,True,462,0.008539290081962744,0.026472721395786564,0.03841426453362533,-0.0007159242613068439,-0.17893251386343234,normal,0.0,True,51.0,0.9802739957624229,0.9606432589779501,0.049652204446961674,0.5651009323558971,-0.44501880070248784,normal,0.0,True,normal,4,0,0,
2025-11-14,000300,-0.015722862483969702,-0.5113707992625316,normal,0.0,True,full_market,-0.5744637766246121,0.6156646823042013,0.0948344630081151,0.9326331039478449,normal,0.5744637766246121,True,462,0.009241633852300677,0.0240926994430147,0.0391799788951878,-0.009441030016728191,0.1289890668359741,normal,0.1289890668359741,True,51.0,0.9768546091292483,0.9554455023137867,0.052327235460639276,0.35104624078787233,-0.3500514663441697,normal,0.0,True,normal,4,0,0,
2025-11-17,000300,-0.006501531932914806,-0.509098485782031,normal,0.0,True,full_market,-0.02696932304479102,0.4543395831710723,-0.4219810991821589,0.9324520101412531,normal,0.02696932304479102,True,462,0.009676151197120704,0.018110723623144462,0.03852868411033344,-0.009059748413384472,0.3088296090136292,normal,0.3088296090136292,True,462.0,0.9875641993101211,0.9753742105044839,0.029293530660747642,1.2471750156750792,-1.3522125178796833,normal,0.0,True,normal,4,0,0,
2025-11-18,000300,-0.00649405726340524,-0.899549775820406,normal,0.0,True,full_market,-1.251557860216256,-0.1880588977326627,-0.19714232037094812,0.9324520101412531,watch,1.251557860216256,True,462,0.011365337886880985,0.017559441877221593,0.03421263825496748,-0.021518514597967164,1.066038186107829,watch,1.066038186107829,True,51.0,0.9712046362958671,0.9427099801012181,0.06196286384518862,-0.19076175468705847,0.04684806930141824,normal,0.19076175468705847,True,elevated,4,0,2,breadth:medium;sector:medium
2025-11-19,000300,0.0043999921194171066,-0.9591246944623014,normal,0.0,True,full_market,-1.3096726574220365,-1.0772000313506287,-1.57234483804167,0.9331763853676204,watch,1.3096726574220365,True,462,0.009938233965676448,0.016627126020704184,0.035897002949664414,-0.03287455906565223,0.40671560311111,normal,0.40671560311111,True,462.0,0.9781078721349672,0.9564303065192703,0.049574834702834435,0.415410852532505,-0.4832563321625903,normal,0.0,True,watch,4,0,1,breadth:medium
2025-11-20,000300,-0.005086862425871086,-1.0301976791182392,normal,0.0,True,full_market,-1.0273172316347088,-1.452894382953717,-2.111046222780841,0.9329952915610286,watch,1.452894382953717,True,462,0.00623039385277336,0.01648727168152445,0.032875976283753106,-0.039832116004913154,-1.309186648077129,normal,0.0,True,51.0,0.9674871736291011,0.9370874960194003,0.0745546491048167,-0.4309293149948192,0.5760606363986451,normal,0.5760606363986451,True,watch,4,0,1,breadth:medium
2025-11-21,000300,-0.024390190473061124,-0.39477295473983215,normal,0.0,True,full_market,-2.03279357065724,-2.525954157383288,-0.026638938258521823,0.9333574791742122,high,2.525954157383288,True,462,0.011835623716593635,0.024367488347057927,0.033482445000552474,-0.07543821504373083,1.2471176229756014,watch,1.2471176229756014,True,51.0,0.9557497609233251,0.9138354227353414,0.11217980538831286,-1.441497775612568,2.1525476635853646,high,2.1525476635853646,True,high,4,2,1,breadth:high;sector:medium;hmm_confidence:high
2025-11-24,000300,-0.0012484254346473156,-0.9268919179513421,normal,0.0,True,full_market,1.5548252657861632,-2.17944397260468,-1.1896254816097982,0.9326331039478449,high,2.17944397260468,True,462,0.011193338254005064,0.027305623091137928,0.035053895770694614,-0.06368029683325999,0.9189594023899075,normal,0.9189594023899075,True,462.0,0.9643139129108175,0.92898085421232,0.08157262295262054,-0.7386710277398698,0.7951054558056369,normal,0.7951054558056369,True,elevated,4,1,0,breadth:high
2025-11-25,000300,0.009521026067602634,-0.6855400182198148,normal,0.0,True,full_market,1.560246230600092,-1.6841395174686884,-0.8766536432763548,0.9320898225280695,watch,1.6841395174686884,True,462,0.006881032161973551,0.020807454493759044,0.03434409440419936,-0.051671380417540325,-1.0161726152641994,normal,0.0,True,51.0,0.959865233053708,0.9199471374535398,0.09622911276051957,-1.103025573228374,1.3643290159362642,watch,1.3643290159362642,True,elevated,4,0,2,breadth:medium;hmm_confidence:medium
2025-11-26,000300,0.006064047746303425,-1.0352650821907141,normal,0.0,True,full_market,-0.7113596107649542,-1.8215753073526415,-1.013546206234223,0.9319087287214777,watch,1.8215753073526415,True,462,0.007170295552328313,0.021902376318529017,0.03579158734372215,-0.051822261104077394,-0.8810337150555558,normal,0.0,True,462.0,0.9510001957454866,0.9022473700080009,0.105849048668466,-1.8471111909086764,1.7204823803027502,watch,1.8471111909086764,True,elevated,4,0,2,breadth:medium;hmm_confidence:medium
2025-11-27,000300,-0.0004936216556027384,-1.1411364629050476,normal,0.0,True,full_market,0.3185161430625729,-1.7444394048406284,-0.8113205219885339,0.9317276349148859,watch,1.7444394048406284,True,462,0.007154100681968568,0.018251232279203614,0.03250113791529268,-0.049948734405420914,-0.8932238097958004,normal,0.0,True,51.0,0.9712641917523581,0.9426958554367486,0.06780666539379461,-0.03633733656810527,0.1190477415391978,normal,0.1190477415391978,True,watch,4,0,1,breadth:medium
2025-11-28,000300,0.002493688266820282,-1.524842487692716,normal,0.0,True,full_market,1.4646427467350294,-1.1368993819187123,-0.8075143527117732,0.931546541108294,watch,1.1368993819187123,True,462,0.00609715390645694,0.015352484354767363,0.026992894829023194,-0.039419738001020055,-1.372054048315585,normal,0.0,True,51.0,0.948078520911677,0.8993675050477928,0.11598063289081648,-1.8838502287552104,2.0534291424644673,high,2.0534291424644673,True,elevated,4,1,1,breadth:medium;hmm_confidence:high
2025-12-01,000300,0.011008116359523257,-1.2076975691238394,normal,0.0,True,full_market,0.6408628390333009,-0.5597698171300951,0.8439421065180586,0.931546541108294,normal,0.8439421065180586,True,462,0.006967004017440985,0.018396080664776594,0.024417002041829127,-0.0314306203595211,-0.9384189950472324,normal,0.0,True,462.0,0.9406929247316671,0.8838954539140814,0.12995512407140797,-2.452623033095705,2.51514230614379,high,2.51514230614379,True,elevated,4,1,0,hmm_confidence:high
2025-12-02,000300,-0.004842138844398214,-1.3223667041342446,normal,0.0,True,full_market,-0.8797387637266113,-0.8144060130355506,-1.83675716284139,0.9319087287214777,normal,0.8797387637266113,True,462,0.0061097831444746125,0.016212731278407833,0.026100165038147115,-0.03480148435882485,-1.2919191576162483,normal,0.0,True,51.0,0.9586518262619482,0.9178010638594392,0.09566814026794478,-0.9295998812999352,1.0500528944613468,watch,1.0500528944613468,True,watch,4,0,1,hmm_confidence:medium
2025-12-03,000300,-0.005111619052637795,-1.3366283403867367,normal,0.0,True,full_market,-0.9560251099559511,-1.1385222960916241,-1.2986155154962724,0.9328141977544367,watch,1.1385222960916241,True,462,0.00808277545625817,0.017956827912931902,0.02628669879713074,-0.04317946347259449,-0.39427971021304775,normal,0.0,True,462.0,0.9616431569140009,0.9236620959052002,0.09448705834486089,-0.6620508481737298,0.9708802042830896,normal,0.9708802042830896,True,watch,4,0,1,breadth:medium
2025-12-04,000300,0.0034252546319284427,-1.9635439725709012,normal,0.0,True,full_market,-0.9546393848190508,-1.3930329954152096,-1.4658167885098028,0.9326331039478449,watch,1.3930329954152096,True,462,0.006734264760475865,0.016094915387794177,0.0254564153318799,-0.04921201550195614,-0.9694688658558305,normal,0.0,True,51.0,0.9357953048624548,0.8738243124990679,0.1266959726815521,-2.656412941771003,2.1572398356883036,high,2.656412941771003,True,elevated,4,1,1,breadth:medium;hmm_confidence:high
2025-12-05,000300,0.008351350578568173,-1.6814609016164936,normal,0.0,True,full_market,1.566776128843138,-0.6743027928563109,-0.45670013078082866,0.9320898225280695,normal,0.6743027928563109,True,462,0.007376159661869422,0.016773180392832692,0.02534989474237007,-0.03624914122709738,-0.6591878837052871,normal,0.0,True,51.0,0.9420452532891407,0.8876546922754398,0.1264841121966946,-2.0090607434111725,2.094065299171376,high,2.094065299171376,True,elevated,4,1,0,hmm_confidence:high
2025-12-08,000300,0.008116408625510996,-1.4527877616286375,normal,0.0,True,full_market,0.6366006439315551,-0.1572056722640667,1.0836455776584533,0.9326331039478449,watch,1.0836455776584533,True,462,0.00857348695851998,0.01656953989568294,0.02781002725241777,-0.02742467136728849,-0.08341358914981488,normal,0.0,True,462.0,0.9525489249123479,0.9056221932968975,0.10386555163335877,-1.2444210692398538,1.203870324935614,watch,1.2444210692398538,True,elevated,4,0,2,breadth:medium;hmm_confidence:medium
2025-12-09,000300,-0.005091145129009544,-1.534963934547696,normal,0.0,True,full_market,-1.1207727393750806,-0.5431742987377987,-0.34707567085010965,0.9326331039478449,watch,1.1207727393750806,True,462,0.006869348262963134,0.018370001526697766,0.03326900419231467,-0.03480745151726944,-0.8663890744253572,normal,0.0,True,51.0,0.9421551366428431,0.8885713097885386,0.11851992461797715,-1.8436708965544826,1.6899886887483513,watch,1.8436708965544826,True,elevated,4,0,2,breadth:medium;hmm_confidence:medium
2025-12-10,000300,-0.0013896681759464347,-1.4758408194870087,normal,0.0,True,full_market,-0.07844635793128475,-0.42557296491852287,-0.24747716666972253,0.9319087287214777,normal,0.42557296491852287,True,462,0.006847206799689249,0.019893091223145216,0.03483117947199239,-0.03247492485281067,-0.8725701686450534,normal,0.0,True,462.0,0.9642235693153998,0.9290117867987839,0.07944579928274206,-0.2920544319261044,0.2714046527077072,normal,0.2920544319261044,True,normal,4,0,0,
2025-12-11,000300,-0.008634901553411067,-1.723681271208473,normal,0.0,True,full_market,-1.6214261849664335,-1.128057949035906,0.8927483501786876,0.9326331039478449,watch,1.6214261849664335,True,462,0.007433614324747134,0.01848390625369865,0.035152632082718786,-0.046447765809455366,-0.5642167036439586,normal,0.0,True,51.0,0.9509553266074483,0.9023543343785999,0.10442267006788526,-1.2524916095291936,1.1277866836432764,watch,1.2524916095291936,True,elevated,4,0,2,breadth:medium;hmm_confidence:medium
2025-12-12,000300,0.006320048855712912,-2.089297357508489,normal,0.0,True,full_market,0.11738745634571017,-0.7498971581863073,3.26456580490865,0.9329952915610286,high,3.26456580490865,True,462,0.009278428779551562,0.020784324340450074,0.043329759400130834,-0.04304070774723273,0.31590216985955283,normal,0.31590216985955283,True,51.0,0.9508155828249274,0.9019478145820174,0.10505233609750982,-1.2262523530802132,1.1121870628375252,watch,1.2262523530802132,True,elevated,4,1,1,breadth:high;hmm_confidence:medium
2025-12-15,000300,-0.00630655213438247,-2.0115929527296794,normal,0.0,True,full_market,-0.19090114237185973,-0.7810148213974003,0.8134866814080799,0.9328141977544367,normal,0.8134866814080799,True,462,0.00853629199123383,0.01786135117384849,0.03932338918627827,-0.038583234335851535,-0.018747098661040202,normal,0.0,True,462.0,0.9535253492554809,0.9071395849787686,0.10514160762714896,-0.9966689226221812,1.0785128941476299,watch,1.0785128941476299,True,watch,4,0,1,hmm_confidence:medium
2025-12-16,000300,-0.011974798223222116,-1.6880523319745344,normal,0.0,True,full_market,-1.4630574899291522,-1.2913797662169093,0.1125954028837466,0.9329952915610286,watch,1.4630574899291522,True,462,0.00790795348118144,0.017657338805230426,0.03772894881215501,-0.04828377422744812,-0.3402178044992251,normal,0.0,True,51.0,0.9692332394771561,0.9385721324989503,0.07945086826302085,0.17712803058830354,0.15826418765528785,normal,0.15826418765528785,True,watch,4,0,1,breadth:medium
2025-12-17,000300,0.01830552189525414,-0.8138479941618646,normal,0.0,True,full_market,1.0396483453805205,-0.891977079676035,0.30100196833680226,0.9331763853676204,normal,0.891977079676035,True,462,0.008537334534639916,0.016817451568521043,0.03815444547980824,-0.03764181692049412,-0.047376178533370526,normal,0.0,True,462.0,0.969478791102252,0.9390713132017773,0.0732040439207668,0.20685024284371512,-0.07432806020383564,normal,0.0,True,normal,4,0,0,
2025-12-18,000300,-0.005915002139794123,-0.7672973476195967,normal,0.0,True,full_market,0.34653932857585257,-0.7452549038753328,-0.4385561765579109,0.9337196667873958,normal,0.7452549038753328,True,462,0.00755235177139198,0.015086827778977591,0.03828510451982503,-0.03289833976996975,-0.5370702339254796,normal,0.0,True,51.0,0.9604278873593052,0.920992818748865,0.08704290188566187,-0.44153908199743624,0.39165442457398375,normal,0.44153908199743624,True,normal,4,0,0,
2025-12-19,000300,0.003380344799562618,-2.481905783583453,normal,0.0,True,full_market,1.7499685924819697,0.05575794475972376,0.23105948445742547,0.933538572980804,normal,0.23105948445742547,True,462,0.007181941960161599,0.017667011012504185,0.03939914387427853,-0.01964854121366072,-0.7163304054594105,normal,0.0,True,51.0,0.9443885271279524,0.888960282418605,0.12136682029590423,-1.6119678351037472,1.5810634979551728,watch,1.6119678351037472,True,watch,4,0,1,hmm_confidence:medium
2025-12-22,000300,0.009509257516122416,-2.231575772790812,normal,0.0,True,full_market,0.3696899474829965,0.4651937470849609,0.9996046053115257,0.9329952915610286,normal,0.9996046053115257,True,462,0.00936124262504093,0.013375351685188195,0.042662015333245984,-0.012106030447029015,0.37306910758107076,normal,0.37306910758107076,True,462.0,0.9727131370888938,0.9456132586225551,0.0614710284097097,0.507670212049354,-0.5550099844848307,normal,0.0,True,normal,4,0,0,
2025-12-23,000300,0.0019754446376760715,-2.3320038219374677,normal,0.0,True,full_market,-0.9225347197378765,-0.03060575750117924,1.1094207632787332,0.9333574791742122,watch,1.1094207632787332,True,462,0.007636879000508702,0.016607756482646067,0.04286338699703235,-0.018341147982668615,-0.4898352380380666,normal,0.0,True,51.0,0.9870594532938954,0.9743360430884638,0.03316827603167781,1.5428610318911387,-1.5296234917920366,normal,0.0,True,watch,4,0,1,breadth:medium
2025-12-24,000300,0.0028848255578666215,-2.262469416196463,normal,0.0,True,full_market,1.4340329608261209,0.7226773686665591,0.9474284612166243,0.9340818544005794,normal,0.9474284612166243,True,462,0.008224223903181237,0.014740595832008907,0.04630027938436876,-0.008120205263754565,-0.17033086998734434,normal,0.0,True,462.0,0.9796722771086602,0.9593606728813885,0.047329558619092826,0.9715480241909642,-1.0161849746569096,normal,0.0,True,normal,4,0,0,
2025-12-25,000300,0.001829928831305505,-2.150534410210701,normal,0.0,True,full_market,1.0298415305354711,1.4535105646777509,1.521236396395591,0.9346251358203549,watch,1.521236396395591,True,462,0.007393873133292702,0.01872204098318463,0.04559733588818229,-0.002924566133967299,-0.5892895895879684,normal,0.0,True,51.0,0.9773132556368793,0.9546396907153856,0.056505325197404116,0.770657109037762,-0.6686159940544822,normal,0.0,True,watch,4,0,1,breadth:medium
2025-12-26,000300,0.003166370133590668,-2.0310896483011827,normal,0.0,True,full_market,-0.6596684621841036,1.1413109598522617,2.6667556377579453,0.9344440420137631,high,2.6667556377579453,True,462,0.00762275016195039,0.020829497155420047,0.04365226492295511,-0.005047371210822049,-0.473842935825881,normal,0.0,True,51.0,0.9799636641014255,0.9599358632068717,0.04384267795645783,0.9349308667398766,-1.0828213600297696,normal,0.0,True,elevated,4,1,0,breadth:high
2025-12-29,000300,-0.003837036528072435,-2.1417236986029273,normal,0.0,True,full_market,-0.5094972017762618,0.9531914706780942,2.0294865148977985,0.9348062296269467,high,2.0294865148977985,True,462,0.007200985960883558,0.018691863974977033,0.04250368596912337,-0.0089665442393434,-0.6964388113998214,normal,0.0,True,462.0,0.9803142732591014,0.9606395143281512,0.043187978095111046,0.9385072748739947,-1.0845527618338964,normal,0.0,True,elevated,4,1,0,breadth:high
2025-12-30,000300,0.0025671589030407116,-2.112409975713583,normal,0.0,True,full_market,-0.724527731658674,0.655364988723557,1.1174750718503632,0.9346251358203549,watch,1.1174750718503632,True,462,0.007143826058984792,0.02133243010072444,0.04319503878120722,-0.01078969475159297,-0.6994331439953565,normal,0.0,True,51.0,0.9882107425129429,0.9764339017369547,0.03260055665744644,1.4728207603222223,-1.4114720153291378,normal,0.0,True,watch,4,0,1,breadth:medium
2025-12-31,000300,-0.0045879843827936195,-2.020737476778463,normal,0.0,True,full_market,-0.10705167452423947,0.6757240131499794,0.5362445320966379,0.9351684172401303,normal,0.5362445320966379,True,462,0.007148392622639592,0.019130010663044955,0.04464917599727647,-0.009756851912740172,-0.6902195986017471,normal,0.0,True,462.0,0.9805651049172798,0.9612242589507343,0.04190512500923542,0.9102793752424325,-1.0757346823149945,normal,0.0,True,normal,4,0,0,
2026-01-05,000300,0.018965688540240278,-1.1635205574888774,normal,0.0,True,full_market,1.4134452213539503,1.8430046838992622,2.9553739646630506,0.9353495110467221,high,2.9553739646630506,True,463,0.012731624356440414,0.019504952886677585,0.04358549314770491,0.0,2.148041511220932,high,2.148041511220932,True,51.0,0.9700343514300265,0.9402695674704271,0.056376527852214295,0.15620700441795174,-0.5679203993789304,normal,0.0,True,high,4,2,0,breadth:high;sector:high
2026-01-06,000300,0.015460759896136933,-0.8048717154134684,normal,0.0,True,full_market,1.2701209450893192,2.4657252825029157,2.7389267603946825,0.935530604853314,high,2.7389267603946825,True,463,0.007817057145462693,0.021742525399588774,0.04184137632169592,0.0,-0.3456343194588815,normal,0.0,True,51.0,0.9839849087416666,0.9679792697187359,0.04104407837373644,1.1180084055449877,-1.0601251596830812,normal,0.0,True,elevated,4,1,0,breadth:high
2026-01-07,000300,-0.0029265095424666487,-0.8097010408689658,normal,0.0,True,full_market,-0.3941732758175903,2.120935233055634,2.4258279241808527,0.9358927924664976,high,2.4258279241808527,True,463,0.009563311612710297,0.02133670431584018,0.04029933355943638,-0.0006922489457150682,0.6734380534884161,normal,0.6734380534884161,True,462.0,0.9882084985099827,0.9772692262501678,0.02728196061939414,1.4255215193419382,-1.4997209807444216,normal,0.0,True,elevated,4,1,0,breadth:high
2026-01-08,000300,-0.008168870782365167,-0.6771077479140956,normal,0.0,True,full_market,0.9429322834192274,2.3610229892333976,2.040485421238976,0.9357116986599058,high,2.040485421238976,True,463,0.009084676515073603,0.02417423939377833,0.04240852594668624,0.0,0.4267645387297625,normal,0.4267645387297625,True,51.0,0.9836891310529695,0.9674075108276621,0.036875743800989194,1.0553133466826579,-1.1557796107634224,normal,0.0,True,elevated,4,1,0,breadth:high
2026-01-09,000300,0.004489567612635081,-0.6594154251728239,normal,0.0,True,full_market,1.0870489777093262,2.4714794485303453,1.9669587185921484,0.935530604853314,watch,1.9669587185921484,True,463,0.010334809366114613,0.026427697416312446,0.04580025440273455,0.0,1.2642891833358438,watch,1.2642891833358438,True,462.0,0.9716643573840542,0.9433613330482522,0.0627300405342189,0.22850371951942242,-0.309360174664582,normal,0.0,True,elevated,4,0,2,breadth:medium;sector:medium
2026-01-12,000300,0.006514083027241435,-0.8570979204604363,normal,0.0,True,full_market,1.2458085164826431,2.442350009762406,2.192712525885286,0.9357116986599058,high,2.192712525885286,True,463,0.019595890365706223,0.03516391622731984,0.05955270106962628,0.0,6.86514740326798,high,6.86514740326798,True,51.0,0.9779398556819218,0.9558875891691256,0.05620503671139208,0.6523468021065328,-0.5154794780009179,normal,0.0,True,high,4,2,0,breadth:high;sector:high
2026-01-13,000300,-0.006031415973544507,-0.7112034044922564,normal,0.0,True,full_market,-0.9926723368871924,2.0498452646923715,1.756985675178772,0.9344440420137631,watch,1.756985675178772,True,464,0.01450853243742686,0.03245759049146027,0.04868951508160547,-0.012721411281443551,2.7457329883080024,high,2.7457329883080024,True,51.0,0.9791932950697808,0.9583915625093813,0.045101785100864954,0.748856872929832,-0.8816633999907173,normal,0.0,True,elevated,4,1,1,breadth:medium;sector:high
2026-01-14,000300,-0.004011736956078704,-0.7602982376443175,normal,0.0,True,full_market,-0.031815217585013905,1.824796576801875,1.658531701944835,0.9346251358203549,watch,1.658531701944835,True,464,0.012134152601975855,0.044431256481998416,0.061560542169904385,-0.006188378418462259,1.557940050103988,watch,1.557940050103988,True,462.0,0.9819664332482112,0.9639422195246362,0.04417894223095073,0.9126655384500122,-0.8820182109315338,normal,0.0,True,elevated,4,0,2,breadth:medium;sector:medium
2026-01-15,000300,0.002003403677405702,-1.2220830566529102,normal,0.0,True,full_market,-0.39485016128551054,1.5922397835888584,0.45149839400265424,0.9349873234335385,normal,0.45149839400265424,True,464,0.013424751467778105,0.03129685540891298,0.0577521013084996,-0.014453076232385675,2.067554337542265,high,2.067554337542265,True,51.0,0.9815455138430951,0.963099223768394,0.044276055906226,0.8539744011511899,-0.8500878500963871,normal,0.0,True,elevated,4,1,0,sector:high
2026-01-16,000300,-0.0041166554068986505,-1.7487989874221397,normal,0.0,True,full_market,-0.28608389694479824,1.3297200475636994,0.6396712250538199,0.935530604853314,normal,0.6396712250538199,True,464,0.01447489930731307,0.019580301842793312,0.05200476262346127,-0.016052646819832317,2.4072271486882535,high,2.4072271486882535,True,462.0,0.979233408563723,0.958485065616871,0.04741166531671399,0.66623426107801,-0.7194963569845255,normal,0.0,True,elevated,4,1,0,sector:high
2026-01-19,000300,0.0005473523152581539,-1.842714867036716,normal,0.0,True,full_market,0.8605219496980632,1.5728406570083102,0.10333806016537257,0.9358927924664976,normal,0.10333806016537257,True,464,0.0113135490236321,0.027256287756416784,0.05069093451752022,-0.006443147399092242,0.9832155402744338,normal,0.9832155402744338,True,51.0,0.9744997911057888,0.9490987016263924,0.05905015257643986,0.3175502073983618,-0.31306712131017284,normal,0.0,True,normal,4,0,0,
2026-01-20,000300,-0.00329076600076883,-1.7050289766511493,normal,0.0,True,full_market,-0.4097336481317007,1.2918755303221021,0.13659844085874,0.9367982614994567,normal,0.4097336481317007,True,464,0.011222229300730751,0.030314192971999446,0.049119176369588506,-0.014018891331731176,0.9156801842278055,normal,0.9156801842278055,True,51.0,0.9727348937523403,0.9457519835998582,0.0643422472789659,0.19293454142359256,-0.12905780464323552,normal,0.0,True,normal,4,0,0,
2026-01-21,000300,0.0008879225578950489,-1.8197379402705747,normal,0.0,True,full_market,0.41542425553222384,1.2957775693874822,-0.1644422763550355,0.936436073886273,normal,0.0,True,464,0.010966946148828458,0.04133981876178424,0.05201790521616919,-0.0076412421325573465,0.8291369939468455,normal,0.8291369939468455,True,462.0,0.9719214500147235,0.9443040803432132,0.0659104070871005,0.12321206122984768,-0.05924783770164507,normal,0.0,True,normal,4,0,0,
2026-01-22,000300,0.00013550508461657174,-1.7511908591432466,normal,0.0,True,full_market,0.8293636087826274,1.401643392211996,-0.11155585254847893,0.9366171676928648,normal,0.0,True,464,0.007778789566661625,0.029324844020557354,0.0521591217563652,-0.0014091714667074928,-0.4954351863389358,normal,0.0,True,51.0,0.9807410543043443,0.9614965707030956,0.05059086505254155,0.7110539243492668,-0.5524170985789925,normal,0.0,True,normal,4,0,0,
2026-01-23,000300,-0.004490114761490416,-1.6213572681057535,normal,0.0,True,full_market,1.1361987762727253,1.5822258394569306,0.6528485280978098,0.9367982614994567,normal,0.6528485280978098,True,464,0.011501702279374248,0.026256272382866895,0.055545593943093455,0.0,1.017092429748888,watch,1.017092429748888,True,462.0,0.970048045748275,0.9401872949912635,0.06767345781228289,-0.05935901381747323,0.03446508864334236,normal,0.05935901381747323,True,watch,4,0,1,sector:medium
2026-01-26,000300,0.0009484316852736985,-1.5794555814241995,normal,0.0,True,full_market,-1.0099164969553225,0.9834038206344093,0.9481855205728328,0.9362549800796812,watch,1.0099164969553225,True,464,0.017419047442437868,0.03273051650847829,0.06170273925954293,-0.015886513546011283,3.4037020404701837,high,3.4037020404701837,True,51.0,0.9766920277185386,0.9534078183380824,0.055648707596719686,0.4228722659061262,-0.38218344432981877,normal,0.0,True,elevated,4,1,1,breadth:medium;sector:high
2026-01-27,000300,-0.00026981321277441683,-1.556715371751919,normal,0.0,True,full_market,-0.7110381147260139,0.6646478398021232,0.2635405163823764,0.9362549800796812,normal,0.7110381147260139,True,464,0.010513267072691627,0.03115594316742149,0.06363360966145977,-0.017802476445079984,0.4810898533309535,normal,0.4810898533309535,True,51.0,0.9633326913747019,0.9268103424354389,0.07864770641178709,-0.5192165687461933,0.38998957705192283,normal,0.5192165687461933,True,normal,4,0,0,
2026-01-28,000300,0.0026138568413984764,-1.587554339394342,normal,0.0,True,full_market,-0.9086602537340402,0.19621672216189295,-0.37642184375862636,0.9360738862730894,normal,0.9086602537340402,True,464,0.016237133637023848,0.035837390916021665,0.07551716182695024,-0.02591779013898815,2.6447823858141453,high,2.6447823858141453,True,462.0,0.9662751645237068,0.9328015928564596,0.07557046137118764,-0.2917148794984933,0.2734910794394074,normal,0.2917148794984933,True,elevated,4,1,0,sector:high
2026-01-29,000300,0.007604933456832219,-1.4440232386922447,normal,0.0,True,full_market,-0.793258122204156,-0.20066110934847836,-0.15946707693620119,0.9362549800796812,normal,0.793258122204156,True,464,0.016108265868254784,0.04265921580620186,0.08360172652021951,-0.03752009121008254,2.414861370781037,high,2.414861370781037,True,51.0,0.9520209266315963,0.9062832899286776,0.10636460180629302,-1.2180601606636283,1.2958360448321689,watch,1.2958360448321689,True,elevated,4,1,1,sector:high;hmm_confidence:medium
2026-01-30,000300,-0.00999816991209257,-1.1569166542997027,normal,0.0,True,full_market,-0.1595495208330956,-0.3510008177515368,-0.7661230473134731,0.9362549800796812,normal,0.3510008177515368,True,464,0.014068955206278166,0.03153414752576204,0.07041538886254567,-0.041993473277620486,1.56713181643904,watch,1.56713181643904,True,462.0,0.9705430967452948,0.9423230351225163,0.07213241968166745,0.0608806670049147,0.1325622172469801,normal,0.1325622172469801,True,watch,4,0,1,sector:medium
2026-02-02,000300,-0.021324426199552216,-0.9005807613512508,normal,0.0,True,full_market,-1.756614462983351,-1.160131858985665,-1.2492185786283327,0.9366171676928648,watch,1.756614462983351,True,464,0.01431829522949781,0.019368229677189597,0.053412048668498614,-0.06558945903590613,1.590901207761769,watch,1.590901207761769,True,51.0,0.9502438918809208,0.9050525608957364,0.12082100230470295,-1.2523124436208215,1.7495330201255463,watch,1.7495330201255463,True,elevated,4,0,3,breadth:medium;sector:medium;hmm_confidence:medium
2026-02-03,000300,0.011752113556724009,-1.2300114964623916,normal,0.0,True,full_market,2.0439022360095875,-0.6097993124501958,-1.417005864990326,0.9366171676928648,normal,0.6097993124501958,True,464,0.009840675154197988,0.018250626082815934,0.05483513725762423,-0.041809021578493144,0.05710603307993229,normal,0.05710603307993229,True,51.0,0.9361803367154263,0.8775874679952067,0.1308742592473267,-2.21286870199557,2.030069950230208,high,2.21286870199557,True,elevated,4,1,0,hmm_confidence:high
2026-02-04,000300,0.008276628663272056,-0.9318663003491592,normal,0.0,True,full_market,0.5838759489129465,-0.36907497619523466,-1.26848851484003,0.9371604491126403,normal,0.36907497619523466,True,464,0.012536554720796721,0.025099878590135252,0.051643546376826985,-0.0392430955485506,0.9432256092016585,normal,0.9432256092016585,True,462.0,0.9480597106102948,0.9000059170221224,0.11096686395540473,-1.32228567533305,1.2900476807481815,watch,1.32228567533305,True,watch,4,0,1,hmm_confidence:medium
2026-02-05,000300,-0.0060144551235666865,-0.9952400113360155,normal,0.0,True,full_market,-0.8726250680554714,-0.619016476896449,-1.4841044608992804,0.9369793553060485,normal,0.8726250680554714,True,464,0.011750193718879904,0.02976439095777645,0.04472811264592703,-0.04889035355317617,0.6599411918942578,normal,0.6599411918942578,True,51.0,0.9576622835216718,0.9182385079028604,0.10323754786696247,-0.6256288716282026,0.9924242755389392,normal,0.9924242755389392,True,normal,4,0,0,
2026-02-06,000300,-0.005742524226943102,-0.9906408208182068,normal,0.0,True,full_market,0.07211355542363915,-0.5896256615579245,-1.4400733400561856,0.9369793553060485,normal,0.5896256615579245,True,464,0.007691145633640656,0.022647156917243554,0.04502867281914689,-0.047252449447202194,-0.6913774996861382,normal,0.0,True,462.0,0.9695067986589642,0.9403498068240441,0.07240515178373272,0.1964373735631469,-0.07425293562042062,normal,0.0,True,normal,4,0,0,
2026-02-09,000300,0.0162503230252391,-0.19241061082021713,normal,0.0,True,full_market,1.747681499458707,-0.009636922235995892,-0.8997576243251347,0.9367982614994567,normal,0.009636922235995892,True,464,0.009699608801840759,0.01640222980329465,0.05154716016232688,-0.02879856416536347,-0.03274437213809498,normal,0.0,True,51.0,0.9707512027664918,0.9434768977317758,0.07042958800452453,0.32303312093542486,-0.15647004840482356,normal,0.0,True,normal,4,0,0,
2026-02-10,000300,0.001110390628642044,-0.24942226360185196,normal,0.0,True,full_market,-0.34782787745393723,-0.014838486048678321,-1.1997151875104481,0.9371604491126403,normal,0.34782787745393723,True,464,0.010425509339963033,0.017447489130760604,0.04512975113311988,-0.02828577920661446,0.19879777709658533,normal,0.19879777709658533,True,51.0,0.9602211818638742,0.9220643197647818,0.08385191394571767,-0.448507166256102,0.2872610810198366,normal,0.448507166256102,True,normal,4,0,0,
2026-02-11,000300,-0.0022183180577017847,-0.259598237255209,normal,0.0,True,full_market,-0.5133763848219824,-0.05417523758976493,-1.4402637329479717,0.9371604491126403,normal,0.5133763848219824,True,464,0.008423611370356956,0.01663806255863876,0.04999873549219909,-0.02647845303073204,-0.46382487023323976,normal,0.0,True,462.0,0.9721478229404962,0.9448429434712571,0.06337233320223723,0.4075289532293157,-0.4290412956991895,normal,0.0,True,normal,4,0,0,
2026-02-12,000300,0.001221938894569563,-0.24552814797914607,normal,0.0,True,full_market,-0.4861989845135144,-0.2694546105775696,-1.0080346731747878,0.9380659181455995,normal,0.4861989845135144,True,464,0.010454562262887056,0.0222779379546279,0.0418429065563977,-0.02485792573854001,0.2083300711065758,normal,0.2083300711065758,True,51.0,0.9703913527699309,0.9409733211529139,0.07265819315371344,0.2893527496460219,-0.13387435497073416,normal,0.0,True,normal,4,0,0,
2026-02-13,000300,-0.012537132541454943,0.19506187722592458,normal,0.19506187722592458,True,full_market,-1.0295273696461045,-0.6099710660562377,-0.9080840072829727,0.9377037305324158,watch,1.0295273696461045,True,464,0.006681806565173183,0.020943384167749164,0.03545913822255409,-0.03262248096895998,-1.0229597233660457,normal,0.0,True,462.0,0.9668209020112077,0.9343937745767353,0.07473899161815406,0.04408764772805711,-0.06768299708248494,normal,0.0,True,watch,4,0,1,breadth:medium
2026-02-24,000300,0.010112844148905342,0.5543792260875997,normal,0.5543792260875997,True,full_market,1.1513156766804162,0.08052548026699755,-0.6226254715524724,0.9378848243390077,normal,0.0,True,464,0.01666195068551119,0.019377576987043347,0.04070510933218479,-0.022530331668769,2.2470136728370314,high,2.2470136728370314,True,51.0,0.9463481833234954,0.8950143264523719,0.11686719109412896,-1.4263208856929424,1.3999171872422096,watch,1.4263208856929424,True,elevated,4,1,1,sector:high;hmm_confidence:medium
2026-02-25,000300,0.006022253661147836,0.6446526091627802,normal,0.6446526091627802,True,full_market,0.9042903091455412,0.5038690690085961,-0.2664518154486445,0.9373415429192321,normal,0.0,True,464,0.009326219366754181,0.030156217449494892,0.04247562831457639,-0.013707037786746479,-0.18823147017775266,normal,0.0,True,51.0,0.9579898528357876,0.9167485019213181,0.09482587292232583,-0.5712566484034775,0.5899184549964617,normal,0.5899184549964617,True,normal,4,0,0,
2026-02-26,000300,-0.0019046050478369603,0.7020847478644814,normal,0.7020847478644814,True,full_market,-0.2281535705451715,0.4323003192032846,-0.2177464281402045,0.9371604491126403,normal,0.2281535705451715,True,464,0.010293256480210174,0.030911484891628777,0.0405827428870874,-0.010001889554482613,0.13074478912385376,normal,0.13074478912385376,True,462.0,0.9745733097533371,0.9495007068591803,0.06009915565294149,0.6426160102286771,-0.6088518475809442,normal,0.0,True,normal,4,0,0,
2026-02-27,000300,-0.003431446178972619,0.7659328385993381,normal,0.7659328385993381,True,full_market,0.5541704873797112,0.6738496513915088,-0.29667402397894094,0.9371604491126403,normal,0.0,True,464,0.008850019879473097,0.026870024922824993,0.040250332023882895,-0.004756756449693755,-0.3220077728033239,normal,0.0,True,51.0,0.9885466794814497,0.9771783576340769,0.0370511020750823,1.6524340202824863,-1.3982643139165791,normal,0.0,True,normal,4,0,0,
2026-03-02,000300,0.0038253744175433813,0.7866721637095108,normal,0.7866721637095108,True,full_market,-1.4825629635918305,-0.2875290063231319,0.6779661032444353,0.9369793553060485,watch,1.4825629635918305,True,464,0.01883947071447369,0.04503476234251898,0.05069829321561655,-0.02254538889585339,2.854513556023408,high,2.854513556023408,True,462.0,0.9639757587168706,0.9289344561409649,0.08228340002947657,-0.16540471954953145,0.21071887233036762,normal,0.21071887233036762,True,elevated,4,1,1,breadth:medium;sector:high
2026-03-03,000300,-0.01538910518179537,1.5665245004319228,watch,1.5665245004319228,True,full_market,-2.006345917232444,-1.2901957531864303,1.0289345656519249,0.9373415429192321,high,2.006345917232444,True,464,0.019760864185158062,0.03847573241838835,0.05240453077952047,-0.06015019662433707,2.917446697096479,high,2.917446697096479,True,51.0,0.9368212849688301,0.8761270888827061,0.14182032350236026,-2.1204064080753033,2.2950653255204085,high,2.2950653255204085,True,high,4,3,1,market:medium;breadth:high;sector:high;hmm_confidence:high
2026-03-04,000300,-0.011443544749672352,1.9194800370730953,watch,1.9194800370730953,True,full_market,-0.8759991972873241,-1.3728201991052587,-0.4098423309641516,0.937522636725824,watch,1.3728201991052587,True,464,0.009710047940860677,0.03385971270138639,0.054483521675401186,-0.06334160834416669,-0.16867105925458398,normal,0.0,True,51.0,0.9547884896822835,0.9104830883836161,0.1015081776258775,-0.7917413973310311,0.8174543021631115,normal,0.8174543021631115,True,elevated,4,0,2,market:medium;breadth:medium
2026-03-05,000300,0.00979224876266116,2.16891270188874,high,2.16891270188874,True,full_market,1.3187867163846017,-1.0793807778201556,-0.28997220602878654,0.9377037305324158,watch,1.0793807778201556,True,464,0.011895876144701641,0.027153630019133155,0.045047128833169976,-0.05014826718944154,0.44139912479439325,normal,0.44139912479439325,True,462.0,0.957517796019075,0.9162746836653667,0.09098205344403991,-0.5969933247880336,0.47839875114107827,normal,0.5969933247880336,True,elevated,4,1,1,market:high;breadth:medium
2026-03-06,000300,0.0027432982836634867,1.952785563970299,watch,1.952785563970299,True,full_market,1.4884554912531194,-0.4974848350079336,-0.5449245227222622,0.9377037305324158,normal,0.4974848350079336,True,464,0.010005586521028013,0.024567159200867876,0.048730991551394695,-0.03728539392723529,-0.12744270738607766,normal,0.0,True,51.0,0.9753542115000082,0.9520715240776189,0.07567643769378019,0.6760686651838441,-0.015238382525169031,normal,0.0,True,watch,4,0,1,market:medium
2026-03-09,000300,-0.009651449219386876,1.8987590429984365,watch,1.8987590429984365,True,full_market,-1.1214183686978443,-0.8536486500381786,0.4494812585026691,0.9384281057587831,watch,1.1214183686978443,True,464,0.009950785195357125,0.023139375537470298,0.047014367165441134,-0.04258951508898001,-0.16433656890111567,normal,0.0,True,462.0,0.9553372172266357,0.9117421346222865,0.10496794113706091,-0.816425216358054,1.0116346075087688,watch,1.0116346075087688,True,elevated,4,0,3,market:medium;breadth:medium;hmm_confidence:medium
2026-03-10,000300,0.012848123480649898,1.0382105678986022,watch,1.0382105678986022,True,full_market,1.6533515587997925,-0.24782130777691327,0.019019429284229863,0.9380659181455995,normal,0.24782130777691327,True,464,0.01204515728303084,0.027661585680647367,0.04749923147468892,-0.02454605173753871,0.44364268565017323,normal,0.44364268565017323,True,51.0,0.9167971808590133,0.8376766184281363,0.17682872497549104,-3.4958147807363456,3.4792354750075534,high,3.4958147807363456,True,elevated,4,1,1,market:medium;hmm_confidence:high
2026-03-11,000300,0.006361823922511389,0.750590093657258,normal,0.750590093657258,True,full_market,-0.6377006698784566,-0.3923019422728452,0.17105088503502502,0.9386091995653749,normal,0.6377006698784566,True,464,0.007795591259152788,0.022990125536984433,0.04809559062976956,-0.024606612223839752,-0.8438886502210959,normal,0.0,True,51.0,0.9376068381052481,0.8759166581128166,0.12687496504661305,-1.966851489276241,1.6108839492814682,watch,1.966851489276241,True,watch,4,0,1,hmm_confidence:medium
2026-03-12,000300,-0.003600807737272782,0.5987565623197104,normal,0.5987565623197104,True,full_market,-1.0565073643188692,-0.70728302061669,-0.11174204420293163,0.9386091995653749,watch,1.0565073643188692,True,464,0.008120297408026186,0.018623010127275443,0.04543878208872305,-0.03436799178516359,-0.7507071397345412,normal,0.0,True,462.0,0.968391643939584,0.9371770356877038,0.06907025806085405,0.13714144278129092,-0.2485933337449706,normal,0.0,True,watch,4,0,1,breadth:medium
2026-03-13,000300,-0.003929549701763846,0.5480861079668277,normal,0.5480861079668277,True,full_market,-1.0424207622413575,-0.9317053052769921,-0.1385549758266184,0.9384281057587831,watch,1.0424207622413575,True,464,0.009272911010153076,0.01683752593932949,0.05189516852039616,-0.04430144630569455,-0.40398979426531484,normal,0.0,True,51.0,0.973961748579699,0.9479768585483292,0.06253403205842628,0.48860602953773336,-0.44277130997795433,normal,0.0,True,watch,4,0,1,breadth:medium
2026-03-16,000300,0.000518296731303769,0.44619121270520107,normal,0.44619121270520107,True,full_market,0.19439294738815321,-0.9753671395527683,-0.4848094511885394,0.9382470119521913,normal,0.9753671395527683,True,464,0.009740344084797996,0.020153259042224723,0.04334039891615795,-0.04225835940807704,-0.27926325772104843,normal,0.0,True,462.0,0.9720618100799077,0.9454828558904731,0.06325350974955318,0.37671077175206513,-0.39505218027112077,normal,0.0,True,normal,4,0,0,
2026-03-17,000300,-0.007303770046836799,-0.3115964279718202,normal,0.0,True,full_market,-1.6346864230169773,-1.5307297916519809,-0.9100506221156711,0.9378848243390077,watch,1.6346864230169773,True,464,0.009834008520538071,0.023133654354074627,0.04189639229049071,-0.06098569457766556,-0.2684229140827632,normal,0.0,True,51.0,0.9506250932008311,0.9021804476095563,0.10177413669682409,-1.1368038133470313,0.8773125893640417,watch,1.1368038133470313,True,elevated,4,0,2,breadth:medium;hmm_confidence:medium
2026-03-18,000300,0.0045046404913056115,-0.20765709788045983,normal,0.0,True,full_market,0.8395568743298301,-1.2959438701580925,-1.0188033070180353,0.9378848243390077,watch,1.2959438701580925,True,464,0.011585244929564469,0.017255457971183972,0.04389934359575149,-0.04792327238114913,0.25346051575439366,normal,0.25346051575439366,True,51.0,0.9708913748864437,0.9419973740547338,0.07422694424506936,0.24590980148598077,-0.024536724665387033,normal,0.0,True,watch,4,0,1,breadth:medium
2026-03-19,000300,-0.01611736394802432,0.5798951270153273,normal,0.5798951270153273,True,full_market,-1.954577650638472,-1.839955212490531,-0.7969923294064372,0.9378848243390077,watch,1.954577650638472,True,464,0.010102712253998114,0.02058746685269311,0.04156226422447362,-0.07029590359606025,-0.21254098539111932,normal,0.0,True,462.0,0.9621209573138482,0.9249564492374421,0.0873400548017802,-0.37294987752388387,0.42642011015674536,normal,0.42642011015674536,True,watch,4,0,1,breadth:medium
2026-03-20,000300,-0.0035411552937325563,0.5621665334617947,normal,0.5621665334617947,True,full_market,-1.7551062065264316,-2.057475344229021,0.014944825240509453,0.9378848243390077,high,2.057475344229021,True,464,0.009992798590258072,0.019493643246420424,0.04265238862037549,-0.09459330075766881,-0.25517801576624044,normal,0.0,True,51.0,0.9704345661837709,0.9419977893152339,0.05731170896100673,0.21630749151735507,-0.5619660442472637,normal,0.0,True,elevated,4,1,0,breadth:high
2026-03-23,000300,-0.032629592162942256,2.9657682287951244,high,2.9657682287951244,True,full_market,-2.039688113902974,-2.3669122122686823,0.83818404974447,0.9382470119521913,high,2.3669122122686823,True,464,0.010104327535716589,0.0194318354055257,0.049081194963042425,-0.141259247793168,-0.2330037884952597,normal,0.0,True,462.0,0.9947150216787424,0.9896099830281293,0.013378167953477817,1.8969516926392354,-2.0100995390850294,normal,0.0,True,high,4,2,0,market:high;breadth:high
2026-03-24,000300,0.012838388411045676,2.986807912157163,high,2.986807912157163,True,full_market,2.1165873019190777,-2.0206230740145723,-0.6530393906629564,0.9378848243390077,high,2.0206230740145723,True,464,0.007623501620908136,0.018880401199915436,0.040842829515760105,-0.1139289485714729,-1.0132100907849846,normal,0.0,True,51.0,0.9969153085779504,0.9938409181835322,0.009935173819797017,1.9598385446515068,-2.02547311514791,normal,0.0,True,high,4,2,0,market:high;breadth:high
2026-03-25,000300,0.014023223799477957,3.257599039418564,high,3.257599039418564,True,full_market,1.7986110176014314,-1.7134727243288743,-0.8377890946752341,0.9377037305324158,watch,1.7134727243288743,True,464,0.006199693817909851,0.0188628198951107,0.04053222101296609,-0.09528129889272441,-1.456727615031603,normal,0.0,True,51.0,0.9940079172196129,0.9896418206445204,0.014908232025710922,1.7251158817191325,-1.7688342546287399,normal,0.0,True,elevated,4,1,1,market:high;breadth:medium
2026-03-26,000300,-0.013210004694246047,3.1950937075671115,high,3.1950937075671115,True,full_market,-1.3941655416679064,-1.7599677367818016,-1.4718928730528846,0.9378848243390077,watch,1.7599677367818016,True,464,0.007909818772318925,0.020380855129825022,0.04109506967013336,-0.10880421415261693,-0.9137993815601629,normal,0.0,True,462.0,0.992143365886659,0.9846128357036021,0.017517372059928486,1.4997796888178527,-1.6248663392533358,normal,0.0,True,elevated,4,1,1,market:high;breadth:medium
2026-03-27,000300,0.0055923690070194265,3.0231804906931523,high,3.0231804906931523,True,full_market,1.4003214650877007,-1.483487984095135,-1.2861935507034887,0.9371604491126403,watch,1.483487984095135,True,464,0.008913831693224074,0.017964812519616565,0.0397265980953289,-0.08510549508225379,-0.5931211011983872,normal,0.0,True,51.0,0.9768831056604483,0.955066439835058,0.04635462349200415,0.483370411254066,-0.6903180685363889,normal,0.0,True,elevated,4,1,1,market:high;breadth:medium
2026-03-30,000300,-0.002358652947094586,2.7049006568708673,high,2.7049006568708673,True,full_market,0.2319745447605055,-1.3136119845405414,-1.0179805114698777,0.9366171676928648,watch,1.3136119845405414,True,464,0.008399862595307627,0.021701330784573,0.037696750925534026,-0.07965085244211728,-0.7615960344472086,normal,0.0,True,462.0,0.985334754977974,0.9726421907667504,0.03379415124318005,1.0792254996009056,-1.0863394893844414,normal,0.0,True,elevated,4,1,1,market:high;breadth:medium
2026-03-31,000300,-0.009327797504424473,2.3091902576514918,high,2.3091902576514918,True,full_market,-1.3485294301065323,-1.4823107621086118,-0.8407740377154557,0.9369793553060485,watch,1.4823107621086118,True,464,0.008807982752497962,0.020769448819162786,0.03477162881695775,-0.09287507794256716,-0.6368592505066412,normal,0.0,True,51.0,0.9810870208879842,0.9630452402946403,0.04219232311985771,0.7499286190013776,-0.8169995651271066,normal,0.0,True,elevated,4,1,1,market:high;breadth:medium
2026-04-01,000300,0.017082954124110872,2.5644606104743546,high,2.5644606104743546,True,full_market,1.4680052068822043,-1.1581200107968168,-0.3336029176941163,0.9377037305324158,watch,1.1581200107968168,True,464,0.009302296975371766,0.02332305451817488,0.03734511639954634,-0.07864561342000648,-0.4944151015264338,normal,0.0,True,51.0,0.9672026188807136,0.9411004110530706,0.07044500806104781,0.024219892098439687,0.05109123682641762,normal,0.05109123682641762,True,elevated,4,1,1,market:high;breadth:medium
2026-04-02,000300,-0.010419635577885389,2.3366785218583908,high,2.3366785218583908,True,full_market,-1.3229754811257604,-1.2832112433055822,-0.9896301719714534,0.9378848243390077,watch,1.3229754811257604,True,464,0.010451859522394028,0.026171228195244478,0.03959634444014314,-0.09567164245708581,-0.14641943039770494,normal,0.0,True,464.0,0.9915903132476581,0.9840058659107713,0.02107771608828592,1.445337444347906,-1.467544120965788,normal,0.0,True,elevated,4,1,1,market:high;breadth:medium
2026-04-03,000300,-0.00851099932796151,2.227727141163123,high,2.227727141163123,True,full_market,-1.4500583168037038,-1.459892731440591,-1.4171732746521584,0.9380659181455995,watch,1.459892731440591,True,465,0.010016249556248783,0.02234436574686456,0.03408735164405379,-0.11321229680805633,-0.3032703288623123,normal,0.0,True,51.0,0.9999550192003396,0.9999119425035049,0.0003005973544486887,1.9296288389057377,-2.063942811563838,normal,0.0,True,elevated,4,1,1,market:high;breadth:medium
2026-04-07,000300,-3.828147694440176e-05,2.033698857385767,high,2.033698857385767,True,full_market,1.0655698939383411,-1.235181330515492,-1.4541705157185054,0.9378848243390077,watch,1.235181330515492,True,465,0.009254910912392922,0.01716673764796865,0.03699120736653335,-0.0993000046985244,-0.5662559533496287,normal,0.0,True,464.0,0.9963680569624783,0.992909907170312,0.009126831519243355,1.6576104899193758,-1.7382503521250303,normal,0.0,True,elevated,4,1,1,market:high;breadth:medium
2026-04-08,000300,0.034891524156536846,3.3210836089773412,high,3.3210836089773412,True,full_market,1.8832951940937153,0.03687876563346736,1.011196114308833,0.9386091995653749,watch,1.011196114308833,True,465,0.017337987490248525,0.020982966389474687,0.028925914722185007,-0.058456246664758016,2.0345253962683234,high,2.0345253962683234,True,51.0,0.9775150952172782,0.9554709788891178,0.04779142831217985,0.4408302860950626,-0.5749539909753327,normal,0.0,True,high,4,2,1,market:high;breadth:medium;sector:high
2026-04-09,000300,-0.006384423225896385,2.9746413640869385,high,2.9746413640869385,True,full_market,-1.0852369896737202,-0.4225449927607407,-0.05445317185298517,0.9389713871785585,watch,1.0852369896737202,True,465,0.008362854959367933,0.020867562374050214,0.029471403341737923,-0.06368239605984555,-0.8701235198501286,normal,0.0,True,51.0,0.991094430675985,0.9823252788265269,0.022922979938195847,1.269619099266451,-1.2847935564082402,normal,0.0,True,elevated,4,1,1,market:high;breadth:medium
2026-04-10,000300,0.015406616413575991,2.9856647728847028,high,2.9856647728847028,True,full_market,0.9619933990522538,0.18538084028562787,0.1958823172700607,0.9391524809851504,normal,0.1958823172700607,True,465,0.006117240605635049,0.0280530979496093,0.030457829619273732,-0.0483459001924299,-1.5826140246757434,normal,0.0,True,464.0,0.9791094150730476,0.9601496761078216,0.05046783250403405,0.5662899692264715,-0.479911265857614,normal,0.0,True,elevated,4,1,0,market:high
2026-04-13,000300,0.0020661825444239224,2.7336503985207115,high,2.7336503985207115,True,full_market,-0.13691707742512252,0.213730578698378,-0.037087195299927454,0.9393335747917422,normal,0.13691707742512252,True,465,0.007334382791167986,0.026035163399879335,0.03057997970416617,-0.04474063600810557,-1.1597685175476844,normal,0.0,True,51.0,0.9877751567866586,0.9765130334232036,0.03471182675491373,1.0895166985397933,-0.9485415349698609,normal,0.0,True,elevated,4,1,0,market:high
2026-04-14,000300,0.011865738299452255,2.6511771246836813,high,2.6511771246836813,True,full_market,0.8059377504427628,0.7944470393420432,0.73298785410504,0.9396957624049258,normal,0.73298785410504,True,465,0.007179282770281204,0.03199400095769374,0.03154289184917026,-0.02883739096421617,-1.1892563340837723,normal,0.0,True,464.0,0.9690904301634687,0.9407988391343522,0.074903804340967,-0.028433693021142573,0.20822586337091947,normal,0.20822586337091947,True,elevated,4,1,0,market:high
2026-04-15,000300,-0.0034097096960826745,2.430306873479497,high,2.430306873479497,True,full_market,-0.5973441341688693,0.7752382842772562,1.1079620889260906,0.9393335747917422,watch,1.1079620889260906,True,465,0.008367327005824213,0.017960996265282074,0.037357223164408704,-0.029997724169380846,-0.7996976583280074,normal,0.0,True,51.0,0.9792237302065294,0.9602345748931431,0.059845520180515185,0.5760949080778391,-0.23023060995456027,normal,0.0,True,elevated,4,1,1,market:high;breadth:medium
2026-04-16,000300,0.010962061789658861,2.3469180003886603,high,2.3469180003886603,True,full_market,1.2750430964249266,1.4808085677983966,0.6906343311266886,0.939514668598334,normal,0.6906343311266886,True,465,0.007855100803709497,0.017443698893239202,0.03317226403188507,0.0,-0.9500058670968886,normal,0.0,True,51.0,0.9503018216706718,0.9044194306972085,0.11691572980192348,-1.157101477887716,1.408221551258207,watch,1.408221551258207,True,elevated,4,1,1,market:high;hmm_confidence:medium
2026-04-17,000300,-0.0016763043611358608,1.9909500420507156,watch,1.9909500420507156,True,full_market,-0.30029360081630174,1.3087609905732407,0.8131087360370235,0.939514668598334,normal,0.8131087360370235,True,465,0.009847966733815045,0.021816176026760187,0.0443672085319738,0.0,-0.27634956264901483,normal,0.0,True,464.0,0.9182011489849817,0.8417328042880108,0.18651212372290205,-3.046592893919781,3.333244543077642,high,3.333244543077642,True,elevated,4,1,1,market:medium;hmm_confidence:high
2026-04-20,000300,0.006084163200223314,1.8846576088691032,watch,1.8846576088691032,True,full_market,0.5667662896867339,1.4795709224218099,1.706323479490581,0.9387902933719667,watch,1.706323479490581,True,465,0.006588280561749267,0.020501549724726557,0.044961526918573295,0.0,-1.3165897050519946,normal,0.0,True,51.0,0.9282957091952969,0.8586355523260307,0.16569403597433974,-2.3057350512035515,2.470437500821105,high,2.470437500821105,True,elevated,4,1,2,market:medium;breadth:medium;hmm_confidence:high
2026-04-21,000300,0.0022196811730679222,0.8088014519907406,normal,0.8088014519907406,True,full_market,-0.4423299627527799,1.1912005074314052,1.430361676396555,0.9393335747917422,watch,1.430361676396555,True,465,0.007030192069801327,0.01677159191239929,0.052311794963662915,-0.005760997085468733,-1.12910262536666,normal,0.0,True,464.0,0.9433923811260816,0.8898583461796671,0.12051859178043434,-1.307688518981255,1.1804691876416054,watch,1.307688518981255,True,elevated,4,0,2,breadth:medium;hmm_confidence:medium
2026-04-22,000300,0.006633808724832324,0.7162117777417903,normal,0.7162117777417903,True,full_market,0.13634501006826383,1.1295881361992548,1.8608342880302409,0.9396957624049258,watch,1.8608342880302409,True,465,0.008649436050359864,0.024946518968883696,0.056023268851989175,-0.0015548931731292903,-0.572269582642649,normal,0.0,True,51.0,0.9527773780660934,0.9056111954504125,0.0995875891548678,-0.8307155958744232,0.6195511386622059,normal,0.8307155958744232,True,watch,4,0,1,breadth:medium
2026-04-23,000300,-0.00277104693486796,0.6161409470750135,normal,0.6161409470750135,True,full_market,-0.9029252721123082,0.64235095289527,2.186034234389548,0.9393335747917422,high,2.186034234389548,True,465,0.00930446957399819,0.01905182798464221,0.04649018667783396,-0.01700888478922946,-0.3466696951568869,normal,0.0,True,51.0,0.976469590132151,0.9530326033769745,0.06190884724293077,0.48657088525010056,-0.33585756621925916,normal,0.0,True,elevated,4,1,0,breadth:high
2026-04-24,000300,-0.003543424711626608,0.38813933181703236,normal,0.38813933181703236,True,full_market,-0.35384023681919996,0.4786460795508832,1.4773622626405754,0.9391524809851504,watch,1.4773622626405754,True,465,0.007839323736264272,0.014761949362230754,0.049712239578751774,-0.02278975526264515,-0.8063740494945152,normal,0.0,True,464.0,0.9799412306439048,0.9604905368669022,0.04930770178077958,0.6858642572926853,-0.6481818459536774,normal,0.0,True,watch,4,0,1,breadth:medium
2026-04-27,000300,0.0003312806513229294,0.3663869268979905,normal,0.3663869268979905,True,full_market,0.5762569917454189,0.7702375316853984,1.8926330494106829,0.9389713871785585,watch,1.8926330494106829,True,465,0.008129398411098148,0.018289821373685695,0.053976245187456647,-0.015322060189673525,-0.6931554124559488,normal,0.0,True,51.0,0.9733642076508152,0.946780051515892,0.062018653843200294,0.3038892817225613,-0.32415498208409793,normal,0.0,True,watch,4,0,1,breadth:medium
2026-04-28,000300,-0.002670327712510079,0.3464233227610726,normal,0.3464233227610726,True,full_market,-0.5950244808991867,0.38233872716188205,1.4762323665375892,0.9377037305324158,watch,1.4762323665375892,True,465,0.009253891432077126,0.01858094338779382,0.05038262611682451,-0.028023483761072776,-0.33648285607281564,normal,0.0,True,464.0,0.9590838766901186,0.9194432981811339,0.094230973109934,-0.4332945519595302,0.4709962950764508,normal,0.4709962950764508,True,watch,4,0,1,breadth:medium
2026-04-29,000300,0.010957902236345296,0.2164489201982539,normal,0.2164489201982539,True,full_market,1.0551978861348967,0.9188003933505561,1.1154688498373917,0.9329952915610286,watch,1.1154688498373917,True,465,0.007808861099018979,0.01928738360304087,0.05535166184005433,-0.016084450522276805,-0.7867691539503398,normal,0.0,True,51.0,0.9611288138032361,0.9225010318918792,0.0850256985325735,-0.3400861996351448,0.23086380486689234,normal,0.3400861996351448,True,watch,4,0,1,breadth:medium
2026-04-30,000300,-0.0006319706466265673,0.01793312310592075,normal,0.01793312310592075,True,full_market,0.19573007764754763,1.0020789849540472,2.5188166192406647,0.9326331039478449,high,2.5188166192406647,True,465,0.007716644587453299,0.019351179671597295,0.055216871483478196,-0.01255333590805896,-0.7973727162808348,normal,0.0,True,51.0,0.9640282081826052,0.9282150755599473,0.07482001597953637,-0.17079033026287818,-0.034620506927606945,normal,0.17079033026287818,True,elevated,4,1,0,breadth:high
2026-05-06,000300,0.014515394264151826,-0.0964260876350209,normal,0.0,True,full_market,0.9310875474784139,1.3547732449359868,2.713784946468392,0.9380659181455995,high,2.713784946468392,True,465,0.011070039191453612,0.01947790306319208,0.06990082594188331,0.0,0.334307571470453,normal,0.334307571470453,True,464.0,0.9722178131342265,0.944699315124853,0.06068751299428822,0.2777187688451559,-0.3843666655741744,normal,0.0,True,elevated,4,1,0,breadth:high
2026-05-07,000300,0.0048020438417171185,-0.32313292556269047,normal,0.0,True,full_market,0.5909226829458543,1.444815926850987,1.3810526233619693,0.9384281057587831,watch,1.3810526233619693,True,465,0.012475321503313626,0.022019771383491354,0.07372521827777266,0.0,0.8590786722001861,normal,0.8590786722001861,True,51.0,0.9773318455296937,0.9547489829545405,0.06370545190696489,0.5458191588336541,-0.3028085233594182,normal,0.0,True,watch,4,0,1,breadth:medium
2026-05-08,000300,-0.005836127260223978,-0.24110149165526454,normal,0.0,True,full_market,0.6720599013382845,1.624672971900063,1.273448308831617,0.9380659181455995,watch,1.273448308831617,True,465,0.006850541251496294,0.0292601278492086,0.07475689665114085,0.0,-1.0878408429168291,normal,0.0,True,464.0,0.9708265173031501,0.9416744200370343,0.06463581504981121,0.16824331525202293,-0.26315110697709226,normal,0.0,True,watch,4,0,1,breadth:medium
2026-05-11,000300,0.016406296503835405,-1.3471124452190189,normal,0.0,True,full_market,0.3902979895324194,1.613470570974837,2.0194365315362854,0.9377037305324158,high,2.0194365315362854,True,465,0.009874629880242711,0.03448597902449528,0.06729547591686835,0.0,0.028478335310586803,normal,0.028478335310586803,True,51.0,0.9689629034641,0.9381278751950075,0.06868882055161578,0.07169696930012304,-0.15889615142428332,normal,0.0,True,elevated,4,1,0,breadth:high
2026-05-12,000300,-0.0007653720637177397,-1.481231693060326,normal,0.0,True,full_market,-1.0044635515612175,1.0828322376370627,1.1100812298924552,0.9378848243390077,watch,1.1100812298924552,True,465,0.007265827457900702,0.03372280106560915,0.06508323893353553,-0.011307811297847858,-0.899772340267766,normal,0.0,True,51.0,0.9578959920690978,0.9161925212570718,0.09411193039037088,-0.5455670752821897,0.5017962417328259,normal,0.5455670752821897,True,watch,4,0,1,breadth:medium
2026-05-13,000300,0.010163599801942258,-1.6387880688900722,normal,0.0,True,full_market,0.4192369482528455,1.1016194760351579,0.9169276486729999,0.9386091995653749,normal,0.9169276486729999,True,465,0.009780660783865724,0.03239257754357151,0.07112791935943201,-0.0008609334523688172,0.03731845552394759,normal,0.03731845552394759,True,464.0,0.9723053192387672,0.9446952328200787,0.06071591802355265,0.22403815153515072,-0.3291846755030282,normal,0.0,True,normal,4,0,0,
2026-05-14,000300,-0.016753562182644566,-0.993573943267794,normal,0.0,True,full_market,-1.1854284386071143,0.4012721503132427,1.2406851028207844,0.9386091995653749,watch,1.2406851028207844,True,465,0.009269403871055815,0.023457101374537763,0.06590772331941065,-0.02494240646207313,-0.1333194096394387,normal,0.0,True,51.0,0.9590475295263726,0.9182772196090565,0.08322460681493302,-0.5415056210393986,0.2699595873806446,normal,0.5415056210393986,True,watch,4,0,1,breadth:medium
2026-05-15,000300,-0.011193179505961881,-0.8810444160649283,normal,0.0,True,full_market,-0.6324498301988634,0.13111455435175132,1.2170650020570632,0.9386091995653749,watch,1.2170650020570632,True,465,0.01042301283335238,0.025988756864090985,0.06314492787417478,-0.03295041641277341,0.30731293726321257,normal,0.30731293726321257,True,464.0,0.9535317909886247,0.9076267722410591,0.10076999115409582,-0.8424645845277805,0.7339281353436169,normal,0.8424645845277805,True,watch,4,0,1,breadth:medium
2026-05-18,000300,-0.00536465010422682,-0.8653614675563045,normal,0.0,True,full_market,-0.1349686613483696,0.0974799924163144,0.3467056800481298,0.9391524809851504,normal,0.3467056800481298,True,465,0.009800646664500172,0.02437510538193812,0.07146419661081367,-0.029412520214138538,0.06086421646377655,normal,0.06086421646377655,True,51.0,0.9529620248329419,0.9079222182884191,0.09359664365189754,-0.8140474201910011,0.5336886044466078,normal,0.8140474201910011,True,normal,4,0,0,
2026-05-19,000300,0.00400536255151529,-0.9907392022890433,normal,0.0,True,full_market,0.7281788946792522,0.2845573067397065,0.2265675314840549,0.9384281057587831,normal,0.2265675314840549,True,465,0.008948299941274888,0.02683037793759864,0.07228996145300748,-0.01853761033707424,-0.2556247825921211,normal,0.0,True,1.0,0.9999999999762897,0.9999999999525794,5.391939417955868e-10,1.7804583084062213,-1.8837093472845023,normal,0.0,True,normal,4,0,0,
2026-05-20,000300,-0.00044921778407880364,-1.0024931212472346,normal,0.0,True,full_market,-0.6924746036134617,-0.046660427302575413,0.36354975214169216,0.9391524809851504,normal,0.6924746036134617,True,465,0.010729477256635145,0.024871327629369912,0.07123128978073828,-0.028383297667520235,0.4136546541726732,normal,0.4136546541726732,True,464.0,0.9574392790018418,0.9152701605854091,0.08955163402556454,-0.609559375136553,0.44213679131633704,normal,0.609559375136553,True,normal,4,0,0,
2026-05-21,000300,-0.013936132929267875,-0.7404958686754479,normal,0.0,True,full_market,-1.4251814191565975,-0.7479612726428394,1.532642906692645,0.9396957624049258,watch,1.532642906692645,True,465,0.010271448368306905,0.02110505216800526,0.06226598900707432,-0.06005378408237194,0.2297061694370001,normal,0.2297061694370001,True,,,,,,,,,False,watch,3,0,1,breadth:medium
2026-05-22,000300,0.0129623047814178,-0.5506085236576959,normal,0.0,True,full_market,1.0116194640712612,-0.4023994070719008,-0.0266579559187199,0.9396957624049258,normal,0.4023994070719008,True,465,0.013016185407528106,0.024144347883138104,0.07104296955579147,-0.046815887519275234,1.2488700965919801,watch,1.2488700965919801,True,464.0,0.9639413361274933,0.9286748668968327,0.08265939139288386,-0.22962858696995508,0.2585374523219777,normal,0.2585374523219777,True,watch,4,0,1,sector:medium
2026-05-25,000300,0.015789147798807024,-0.3239016551292131,normal,0.0,True,full_market,-0.28122924932612087,-0.4391981343350594,-0.33607827252104366,0.8371966678739587,normal,0.4391981343350594,True,105,0.015215847485696947,0.03280607997033154,0.08737337232479259,-0.051274931505627896,2.021201808211479,high,2.021201808211479,True,,,,,,,,,False,elevated,3,1,0,sector:high
2026-05-26,000300,0.005333631339401901,-0.33767619326392057,normal,0.0,True,full_market,-0.8845908544856372,-0.691137096069914,-0.7004879722536117,0.8366533864541833,normal,0.8845908544856372,True,105,0.01121979272100453,0.03152084039518316,0.08062501014106102,-0.06627516745221007,0.5628666540022104,normal,0.5628666540022104,True,,,,,,,,,False,normal,3,0,0,
2026-05-27,000300,-0.008019644896268163,-0.2645224361757368,normal,0.0,True,,,,,,,,False,93,0.013011060556358431,0.03013122705317404,0.08030628124114673,-0.08561252603339597,1.2249512627303711,watch,1.2249512627303711,True,91.0,0.9755502658615733,0.9513075124326366,0.04951941750211936,0.3918996864232954,-0.5731735184185841,normal,0.0,True,watch,3,0,1,sector:medium
2026-05-28,000300,0.0012306012220439921,-0.27585084470733945,normal,0.0,True,,,,,,,,False,90,0.013683149678822094,0.03605720254198267,0.08281239560411535,-0.0804968133635805,1.443994899120726,watch,1.443994899120726,True,,,,,,,,,False,watch,2,0,1,sector:medium
